ticker,iso3,name,sector,industry,currency,market_cap
BHP.AX,AUS,BHP Group Limited,Basic Materials,Other Industrial Metals & Mining,AUD,314584006656.0
CBA.AX,AUS,Commonwealth Bank of Australia,Financial Services,Banks - Diversified,AUD,252858564608.0
WES.AX,AUS,Wesfarmers Limited,Consumer Cyclical,Home Improvement Retail,AUD,85679783936.0
CSL.AX,AUS,CSL Limited,Healthcare,Biotechnology,AUD,84934721536.0
WDS.AX,AUS,Woodside Energy Group Ltd,Energy,Oil & Gas E&P,AUD,59352346624.0
GMG.AX,AUS,Goodman Group,Real Estate,REIT - Diversified,AUD,54040043520.0
TLS.AX,AUS,Telstra Group Limited,Communication Services,Telecom Services,AUD,53579247616.0
WOW.AX,AUS,Woolworths Group Limited,Consumer Defensive,Grocery Stores,AUD,46762815488.0
TCL.AX,AUS,Transurban Group,Industrials,Infrastructure Operations,AUD,40723206144.0
ORG.AX,AUS,Origin Energy Limited,Utilities,Utilities - Diversified,AUD,18743494656.0
CDA.AX,AUS,Codan Limited,Technology,Scientific & Technical Instruments,AUD,12490881024.0
FMG.AX,AUS,Fortescue Ltd,Basic Materials,Other Industrial Metals & Mining,AUD,49848442880.0
WBC.AX,AUS,Westpac Banking Corporation,Financial Services,Banks - Diversified,AUD,117609406464.0
ALL.AX,AUS,Aristocrat Leisure Limited,Consumer Cyclical,Gambling,AUD,35185508352.0
SIG.AX,AUS,Sigma Healthcare Limited,Healthcare,Medical Distribution,AUD,29907136512.0
STO.AX,AUS,Santos Limited,Energy,Oil & Gas E&P,AUD,27833413632.0
SCG.AX,AUS,Scentre Group,Real Estate,REIT - Retail,AUD,17309390848.0
REA.AX,AUS,REA Group Limited,Communication Services,Internet Content & Information,AUD,20148484096.0
COL.AX,AUS,Coles Group Limited,Consumer Defensive,Grocery Stores,AUD,30913200128.0
BXB.AX,AUS,Brambles Limited,Industrials,Specialty Business Services,AUD,25554575360.0
APA.AX,AUS,APA Group,Utilities,Utilities - Regulated Gas,AUD,14154490880.0
WTC.AX,AUS,WiseTech Global Limited,Technology,Software - Application,AUD,11007198208.0
NST.AX,AUS,Northern Star Resources Limited,Basic Materials,Gold,AUD,34067089408.0
NAB.AX,AUS,National Australia Bank Limited,Financial Services,Banks - Diversified,AUD,117555273728.0
TLC.AX,AUS,The Lottery Corporation Limited,Consumer Cyclical,Gambling,AUD,10616931328.0
PME.AX,AUS,Pro Medicus Limited,Healthcare,Health Information Services,AUD,16636841984.0
ALD.AX,AUS,Ampol Limited,Energy,Oil & Gas Refining & Marketing,AUD,10368524288.0
VCX.AX,AUS,Vicinity Centres,Real Estate,REIT - Retail,AUD,10390635520.0
CAR.AX,AUS,CAR Group Limited,Communication Services,Internet Content & Information,AUD,8366081536.0
EDV.AX,AUS,Endeavour Group Limited,Consumer Defensive,Beverages - Wineries & Distilleries,AUD,5315347968.0
QAN.AX,AUS,Qantas Airways Limited,Industrials,Airlines,AUD,13437209600.0
AGL.AX,AUS,AGL Energy Limited,Utilities,Utilities - Independent Power Producers,AUD,5455980032.0
TNE.AX,AUS,Technology One Limited,Technology,Software - Application,AUD,10046941184.0
EVN.AX,AUS,Evolution Mining Limited,Basic Materials,Gold,AUD,26476900352.0
ANZ.AX,AUS,ANZ Group Holdings Limited,Financial Services,Banks - Diversified,AUD,113365295104.0
JBH.AX,AUS,JB Hi-Fi Limited,Consumer Cyclical,Specialty Retail,AUD,7636978688.0
RHC.AX,AUS,Ramsay Health Care Limited,Healthcare,Medical Care Facilities,AUD,12536367104.0
YAL.AX,AUS,Yancoal Australia Ltd,Energy,Thermal Coal,AUD,7605731328.0
SGP.AX,AUS,Stockland,Real Estate,REIT - Diversified,AUD,9896792064.0
TPG.AX,AUS,TPG Telecom Limited,Communication Services,Telecom Services,AUD,7459511296.0
TWE.AX,AUS,Treasury Wine Estates Limited,Consumer Defensive,Beverages - Wineries & Distilleries,AUD,4489602048.0
ALQ.AX,AUS,ALS Limited,Industrials,Consulting Services,AUD,10572111872.0
FHE.AX,AUS,Frontier Energy Limited,Utilities,Utilities - Renewable,AUD,250328736.0
NXT.AX,AUS,NEXTDC Limited,Technology,Information Technology Services,AUD,8091597824.0
S32.AX,AUS,South32 Limited,Basic Materials,Other Industrial Metals & Mining,AUD,22256912384.0
MQG.AX,AUS,Macquarie Group Limited,Financial Services,Capital Markets,AUD,94529945600.0
HVN.AX,AUS,Harvey Norman Holdings Limited,Consumer Cyclical,Specialty Retail,AUD,5133547520.0
SHL.AX,AUS,Sonic Healthcare Limited,Healthcare,Diagnostics & Research,AUD,9148344320.0
WHC.AX,AUS,Whitehaven Coal Limited,Energy,Thermal Coal,AUD,6228639232.0
CHC.AX,AUS,Charter Hall Group,Real Estate,REIT - Diversified,AUD,8556518912.0
SEK.AX,AUS,SEEK Limited,Communication Services,Internet Content & Information,AUD,4249105920.0
BGA.AX,AUS,Bega Cheese Limited,Consumer Defensive,Packaged Foods,AUD,1917513472.0
REH.AX,AUS,Reece Limited,Industrials,Industrial Distribution,AUD,10382751744.0
LGI.AX,AUS,LGI Limited,Utilities,Utilities - Renewable,AUD,201191328.0
MP1.AX,AUS,Megaport Limited,Technology,Software - Infrastructure,AUD,5410968064.0
LYC.AX,AUS,Lynas Rare Earths Limited,Basic Materials,Other Industrial Metals & Mining,AUD,12712127488.0
QBE.AX,AUS,QBE Insurance Group Limited,Financial Services,Insurance - Property & Casualty,AUD,35214155776.0
APE.AX,AUS,Eagers Automotive Limited,Consumer Cyclical,Auto & Truck Dealerships,AUD,5094282752.0
COH.AX,AUS,Cochlear Limited,Healthcare,Medical Devices,AUD,8545022464.0
VEA.AX,AUS,Viva Energy Group Limited,Energy,Oil & Gas Refining & Marketing,AUD,5243442176.0
GPT.AX,AUS,The GPT Group,Real Estate,REIT - Diversified,AUD,8371073536.0
EVT.AX,AUS,EVT Limited,Communication Services,Entertainment,AUD,2277608448.0
GNC.AX,AUS,GrainCorp Limited,Consumer Defensive,Farm Products,AUD,1462889600.0
AZJ.AX,AUS,Aurizon Holdings Limited,Industrials,Railroads,AUD,6211403776.0
JNS.AX,AUS,Janus Electric Holdings Limited,Utilities,Utilities - Renewable,AUD,145542112.0
NWL.AX,AUS,Netwealth Group Limited,Technology,Software - Application,AUD,4213217536.0
PLS.AX,AUS,PLS Group Limited,Basic Materials,Other Industrial Metals & Mining,AUD,12000522240.0
SUN.AX,AUS,Suncorp Group Limited,Financial Services,Insurance - Property & Casualty,AUD,19239931904.0
BRG.AX,AUS,Breville Group Limited,Consumer Cyclical,"Furnishings, Fixtures & Appliances",AUD,4443274240.0
ANN.AX,AUS,Ansell Limited,Healthcare,Medical Instruments & Supplies,AUD,6332743680.0
NHC.AX,AUS,New Hope Corporation Limited,Energy,Thermal Coal,AUD,4910759424.0
MGR.AX,AUS,Mirvac Group,Real Estate,REIT - Diversified,AUD,6830937088.0
SLC.AX,AUS,Superloop Limited,Communication Services,Telecom Services,AUD,1308603136.0
CBO.AX,AUS,Cobram Estate Olives Limited,Consumer Defensive,Packaged Foods,AUD,1354979072.0
CWY.AX,AUS,Cleanaway Waste Management Limited,Industrials,Waste Management,AUD,5963432960.0
RWL.AX,AUS,Rubicon Water Limited,Utilities,Utilities - Regulated Water,AUD,87961824.0
DDR.AX,AUS,Dicker Data Limited,Technology,Electronics & Computer Distribution,AUD,2824103424.0
SFR.AX,AUS,Sandfire Resources Limited,Basic Materials,Copper,AUD,10411988992.0
IAG.AX,AUS,Insurance Australia Group Limited,Financial Services,Insurance - Property & Casualty,AUD,18011910144.0
SUL.AX,AUS,Super Retail Group Limited,Consumer Cyclical,Specialty Retail,AUD,2890579200.0
TLX.AX,AUS,Telix Pharmaceuticals Limited,Healthcare,Biotechnology,AUD,5267983360.0
WOR.AX,AUS,Worley Limited,Energy,Oil & Gas Equipment & Services,AUD,4618142208.0
DXS.AX,AUS,DEXUS,Real Estate,REIT - Office,AUD,5829506560.0
ABB.AX,AUS,Aussie Broadband Limited,Communication Services,Telecom Services,AUD,1293078528.0
ELD.AX,AUS,Elders Limited,Consumer Defensive,Farm Products,AUD,1337626624.0
ALX.AX,AUS,Atlas Arteria Limited,Industrials,Infrastructure Operations,AUD,5668624896.0
CCE.AX,AUS,Carnegie Clean Energy Limited,Utilities,Utilities - Renewable,AUD,83324104.0
DTL.AX,AUS,Data#3 Limited,Technology,Information Technology Services,AUD,2127562496.0
MIN.AX,AUS,Mineral Resources Limited,Basic Materials,Other Industrial Metals & Mining,AUD,9976407040.0
SOL.AX,AUS,Washington H. Soul Pattinson and Company Limited,Financial Services,Capital Markets,AUD,17244553216.0
LOV.AX,AUS,Lovisa Holdings Limited,Consumer Cyclical,Specialty Retail,AUD,2705341440.0
EBO.AX,AUS,EBOS Group Limited,Healthcare,Medical Distribution,AUD,3127449600.0
PDN.AX,AUS,Paladin Energy Ltd,Energy,Uranium,AUD,4048719616.0
RGN.AX,AUS,Region Group,Real Estate,REIT - Retail,AUD,2424785920.0
NEC.AX,AUS,Nine Entertainment Co. Holdings Limited,Communication Services,Entertainment,AUD,1054531904.0
RIC.AX,AUS,Ridley Corporation Limited,Consumer Defensive,Packaged Foods,AUD,933384192.0
VNT.AX,AUS,Ventia Services Group Limited,Industrials,Infrastructure Operations,AUD,4975219200.0
EQU.AX,AUS,Equus Energy Limited,Utilities,Utilities - Regulated Gas,AUD,74694960.0
MAQ.AX,AUS,Macquarie Technology Group Limited,Technology,Information Technology Services,AUD,1389461888.0
MPL.AX,AUS,Medibank Private Limited,Financial Services,Insurance - Specialty,AUD,12393014272.0
EBS.VI,AUT,Erste Group Bank AG,Financial Services,Banks - Regional,EUR,44283441152.0
OMV.VI,AUT,OMV Aktiengesellschaft,Energy,Oil & Gas Integrated,EUR,23227574272.0
VER.VI,AUT,VERBUND AG,Utilities,Utilities - Renewable,EUR,21939300352.0
STR.VI,AUT,Strabag SE,Industrials,Engineering & Construction,EUR,11844420608.0
ATS.VI,AUT,AT & S Austria Technologie & Systemtechnik Aktiengesellschaft,Technology,Electronic Components,EUR,8566425088.0
VOE.VI,AUT,Voestalpine AG,Basic Materials,Steel,EUR,7447814656.0
TKA.VI,AUT,Telekom Austria AG,Communication Services,Telecom Services,EUR,5983404544.0
CPI.VI,AUT,CPI Europe AG,Real Estate,Real Estate Services,EUR,2080649856.0
MMK.VI,AUT,Mayr-Melnhof Karton AG,Consumer Cyclical,Packaging & Containers,EUR,1331022080.0
AGR.VI,AUT,AGRANA Beteiligungs-Aktiengesellschaft,Consumer Defensive,Packaged Foods,EUR,706125440.0
RBI.VI,AUT,Raiffeisen Bank International AG,Financial Services,Banks - Regional,EUR,19207749632.0
SBO.VI,AUT,SBO AG,Energy,Oil & Gas Equipment & Services,EUR,452296672.0
EVN.VI,AUT,EVN AG,Utilities,Utilities - Diversified,EUR,5082281472.0
ANDR.VI,AUT,Andritz AG,Industrials,Specialty Industrial Machinery,EUR,8104499712.0
AMS2.VI,AUT,ams-OSRAM AG,Technology,Semiconductors,EUR,2687572992.0
WIE.VI,AUT,Wienerberger AG,Basic Materials,Building Materials,EUR,1842235520.0
ETS.VI,AUT,EuroTeleSites AG,Communication Services,Telecom Services,EUR,729288704.0
CAI.VI,AUT,CA Immobilien Anlagen AG,Real Estate,Real Estate Services,EUR,1957670656.0
LNZ.VI,AUT,Lenzing Aktiengesellschaft,Consumer Cyclical,Textile Manufacturing,EUR,738343936.0
MAN.VI,AUT,Josef Manner & Comp. AG,Consumer Defensive,Confectioners,EUR,192780000.0
BG.VI,AUT,BAWAG Group AG,Financial Services,Banks - Regional,EUR,13597940736.0
BHD.VI,AUT,Burgenland Holding Aktiengesellschaft,Utilities,Utilities - Diversified,EUR,252000000.0
FLU.VI,AUT,Flughafen Wien Aktiengesellschaft,Industrials,Airports & Air Services,EUR,4478907904.0
AMAG.VI,AUT,AMAG Austria Metall AG,Basic Materials,Aluminum,EUR,983865600.0
UBS.VI,AUT,UBM Development AG,Real Estate,Real Estate - Development,EUR,117967496.0
GAGS.VI,AUT,Gurktaler Aktiengesellschaft,Consumer Defensive,Beverages - Brewers,EUR,34722008.0
VIG.VI,AUT,Vienna Insurance Group AG,Financial Services,Insurance - Diversified,EUR,8409599488.0
DOC.VI,AUT,DO & CO Aktiengesellschaft,Industrials,Airports & Air Services,EUR,2132987520.0
ATH.VI,AUT,Athos Immobilien AG,Real Estate,Real Estate - Diversified,EUR,75008040.0
GAGV.VI,AUT,Gurktaler Aktiengesellschaft,Consumer Defensive,Beverages - Brewers,EUR,26304550.0
OBS.VI,AUT,Oberbank AG,Financial Services,Banks - Regional,EUR,5902374400.0
POST.VI,AUT,Österreichische Post AG,Industrials,Integrated Freight & Logistics,EUR,2056977920.0
WXF.VI,AUT,Warimpex Finanz- und Beteiligungs AG,Real Estate,Real Estate Services,EUR,25926238.0
BIO.VI,AUT,Biogena Group Invest AG,Consumer Defensive,Packaged Foods,EUR,20748000.0
UQA.VI,AUT,UNIQA Insurance Group AG,Financial Services,Insurance - Diversified,EUR,5378031104.0
PAL.VI,AUT,Palfinger AG,Industrials,Farm & Heavy Construction Machinery,EUR,1018777280.0
ABI.BR,BEL,Anheuser-Busch InBev SA/NV,Consumer Defensive,Beverages - Brewers,EUR,130080645120.0
KBC.BR,BEL,KBC Group NV,Financial Services,Banks - Regional,EUR,49386897408.0
UCB.BR,BEL,UCB SA,Healthcare,Biotechnology,EUR,38837964800.0
ELI.BR,BEL,Elia Group SA/NV,Utilities,Utilities - Regulated Electric,EUR,12769819648.0
DIE.BR,BEL,D'Ieteren Group SA,Consumer Cyclical,Auto & Truck Dealerships,EUR,8624215040.0
ACKB.BR,BEL,Ackermans & Van Haaren NV,Industrials,Engineering & Construction,EUR,8570639872.0
SYENS.BR,BEL,Syensqo SA/NV,Basic Materials,Chemicals,EUR,8019667456.0
CMBT.BR,BEL,Cmb.Tech NV,Energy,Oil & Gas Midstream,EUR,5170825216.0
AED.BR,BEL,Aedifica NV/SA,Real Estate,REIT - Healthcare Facilities,EUR,5087477760.0
MELE.BR,BEL,Melexis NV,Technology,Semiconductors,EUR,2730809344.0
PROX.BR,BEL,Proximus PLC,Communication Services,Telecom Services,EUR,1931944192.0
LOTB.BR,BEL,Lotus Bakeries NV,Consumer Defensive,Packaged Foods,EUR,9820424192.0
AGS.BR,BEL,ageas SA/NV,Financial Services,Insurance - Diversified,EUR,15420077056.0
TUB.BR,BEL,Financière de Tubize SA,Healthcare,Biotechnology,EUR,7651715584.0
ENRGY.BR,BEL,EnergyVision NV,Utilities,Utilities - Renewable,EUR,1045699200.0
VAN.BR,BEL,Van de Velde NV,Consumer Cyclical,Apparel Manufacturing,EUR,369877344.0
UMI.BR,BEL,Umicore SA,Industrials,Waste Management,EUR,5092521472.0
TITC.BR,BEL,Titan S.A.,Basic Materials,Building Materials,EUR,3532951296.0
FLUX.BR,BEL,Fluxys Belgium SA,Energy,Oil & Gas Midstream,EUR,1440401792.0
WDP.BR,BEL,Warehouses De Pauw SA,Real Estate,REIT - Industrial,EUR,4532916224.0
BAR.BR,BEL,Barco NV,Technology,Electronic Components,EUR,584775168.0
OBEL.BR,BEL,Orange Belgium S.A.,Communication Services,Telecom Services,EUR,1483068544.0
COLR.BR,BEL,Colruyt Group N.V.,Consumer Defensive,Grocery Stores,EUR,3995047936.0
SOF.BR,BEL,Sofina Société Anonyme,Financial Services,Asset Management,EUR,8542487552.0
FAGR.BR,BEL,Fagron NV,Healthcare,Drug Manufacturers - Specialty & Generic,EUR,1684315392.0
EKOP.BR,BEL,Ekopak NV,Utilities,Utilities - Regulated Water,EUR,48921484.0
BELYS.BR,BEL,Belysse Group NV,Consumer Cyclical,Textile Manufacturing,EUR,13802264.0
CENER.BR,BEL,Cenergy Holdings SA,Industrials,Electrical Equipment & Parts,EUR,5032548352.0
AZE.BR,BEL,Azelis Group NV,Basic Materials,Specialty Chemicals,EUR,2830503680.0
EXM.BR,BEL,Exmar NV,Energy,Oil & Gas Equipment & Services,EUR,918412096.0
VGP.BR,BEL,VGP NV,Real Estate,Real Estate Services,EUR,1948312320.0
MTLS.BR,BEL,Materialise NV,Technology,Software - Application,EUR,449909152.0
KIN.BR,BEL,Kinepolis Group NV,Communication Services,Entertainment,EUR,1298645248.0
SPA.BR,BEL,Spadel SA,Consumer Defensive,Beverages - Non-Alcoholic,EUR,1377916160.0
GBLB.BR,BEL,Groupe Bruxelles Lambert SA,Financial Services,Asset Management,EUR,8177123840.0
IBAB.BR,BEL,Ion Beam Applications SA,Healthcare,Medical Devices,EUR,441411232.0
VIO.BR,BEL,Viohalco S.A.,Industrials,Metal Fabrication,EUR,4639496704.0
SOLB.BR,BEL,Solvay SA,Basic Materials,Chemicals,EUR,2582695424.0
MONT.BR,BEL,Montea Comm. VA,Real Estate,REIT - Industrial,EUR,1428426112.0
EVS.BR,BEL,EVS SA,Technology,Communication Equipment,EUR,350342464.0
ROU.BR,BEL,Roularta Media Group NV,Communication Services,Publishing,EUR,149927792.0
SIP.BR,BEL,Sipef NV,Consumer Defensive,Farm Products,EUR,1126568448.0
KBCA.BR,BEL,KBC Ancora SA,Financial Services,Asset Management,EUR,7300722688.0
NYXH.BR,BEL,Nyxoah SA,Healthcare,Medical Devices,EUR,121393544.0
DEME.BR,BEL,DEME Group NV,Industrials,Engineering & Construction,EUR,4308854784.0
SOLV.BR,BEL,Solvac S.A.,Basic Materials,Chemicals,EUR,1945127936.0
XIOR.BR,BEL,Xior Student Housing NV,Real Estate,REIT - Residential,EUR,1069317696.0
ECONB.BR,BEL,Econocom Group SE,Technology,Information Technology Services,EUR,212311648.0
COMB.BR,BEL,Compagnie du Bois Sauvage S.A.,Consumer Defensive,Confectioners,EUR,448860160.0
GIMB.BR,BEL,Gimv NV,Financial Services,Asset Management,EUR,1686554752.0
HYL.BR,BEL,Hyloris Pharmaceuticals SA,Healthcare,Biotechnology,EUR,117601568.0
BEKB.BR,BEL,NV Bekaert SA,Industrials,Metal Fabrication,EUR,1874094720.0
TESB.BR,BEL,Tessenderlo Group NV,Basic Materials,Agricultural Inputs,EUR,1171599872.0
RET.BR,BEL,Retail Estates N.V.,Real Estate,REIT - Retail,EUR,930132352.0
BANQ.BR,BEL,Banqup Group SA,Technology,Software - Application,EUR,74283312.0
COBH.BR,BEL,Brouwerij Handelsmaatschappij NV,Consumer Defensive,Beverages - Brewers,EUR,160500000.0
TINC.BR,BEL,TINC NV,Financial Services,Asset Management,EUR,518787872.0
ALEMS.BR,BEL,European Medical Solutions,Healthcare,Biotechnology,EUR,16504173.0
RECT.BR,BEL,Recticel SA/NV,Industrials,Building Products & Equipment,EUR,727812160.0
BTLS.BR,BEL,Biotalys NV,Basic Materials,Agricultural Inputs,EUR,88071352.0
WEHB.BR,BEL,Wereldhave Belgium,Real Estate,REIT - Retail,EUR,573993728.0
FLSP.BR,BEL,Flowsparks NV,Technology,Software - Application,EUR,48704200.0
ONTEX.BR,BEL,Ontex Group NV,Consumer Defensive,Household & Personal Products,EUR,150394800.0
BNB.BR,BEL,Banque nationale de Belgique SA,Financial Services,Banks - Regional,EUR,140800000.0
CYAD.BR,BEL,Celyad Oncology SA,Healthcare,Biotechnology,EUR,16399414.0
JEN.BR,BEL,Jensen-Group NV,Industrials,Specialty Industrial Machinery,EUR,685603712.0
NYR.BR,BEL,Nyrstar NV,Basic Materials,Other Industrial Metals & Mining,EUR,6043015.0
CPINV.BR,BEL,Care Property Invest NV,Real Estate,REIT - Healthcare Facilities,EUR,504739040.0
OPTI.BR,BEL,Option NV,Technology,Communication Equipment,EUR,9200751.0
MIKO.BR,BEL,Miko NV,Consumer Defensive,Packaged Foods,EUR,88182000.0
QFG.BR,BEL,Quest for Growth NV,Financial Services,Asset Management,EUR,50973748.0
OXUR.BR,BEL,Oxurion NV,Healthcare,Biotechnology,EUR,211739.0
FLOB.BR,BEL,Floridienne S.A.,Industrials,Conglomerates,EUR,572572288.0
NEXTA.BR,BEL,Nextensa NV/SA,Real Estate,REIT - Diversified,EUR,442648480.0
MLTV.BR,BEL,Choice NV,Technology,Software - Application,EUR,388573.0
REAL.BR,BEL,Realco SA,Consumer Defensive,Household & Personal Products,EUR,11327607.0
MOP.BR,BEL,Palmboomen Cultuur Maatschappij Mopoli (Palmeraies De Mopoli) N.V.,Financial Services,Asset Management,EUR,22730880.0
DECB.BR,BEL,Deceuninck NV,Industrials,Building Products & Equipment,EUR,347768864.0
ASCE.BR,BEL,Ascencio SA,Real Estate,REIT - Retail,EUR,357101632.0
MONNI.BR,BEL,Monni NV,Technology,Software - Infrastructure,EUR,
FOU.BR,BEL,Fountain S.A.,Consumer Defensive,Food Distribution,EUR,7172752.0
MOUR.BR,BEL,Moury Construct SA,Industrials,Engineering & Construction,EUR,295482432.0
HOMI.BR,BEL,Home Invest Belgium S.A.,Real Estate,REIT - Residential,EUR,338502016.0
CLEX.BR,BEL,Cumulex N.V.,Consumer Defensive,Confectioners,EUR,290400.0
CAMB.BR,BEL,Campine NV,Industrials,Waste Management,EUR,270750016.0
IMMO.BR,BEL,Immobel SA,Real Estate,Real Estate - Development,EUR,187166064.0
CFEB.BR,BEL,Compagnie d'Entreprises CFE SA,Industrials,Engineering & Construction,EUR,259208064.0
TEXF.BR,BEL,Texaf S.A.,Real Estate,Real Estate Services,EUR,137129232.0
BPOST.BR,BEL,bpost NV/SA,Industrials,Integrated Freight & Logistics,EUR,223201072.0
QRF.BR,BEL,Qrf Comm. VA,Real Estate,REIT - Retail,EUR,128941568.0
ROCK.BR,BEL,Whitestone Group SA,Industrials,Specialty Business Services,EUR,176556992.0
WEB.BR,BEL,Warehouses Estates Belgium S.C.A.,Real Estate,REIT - Diversified,EUR,126103792.0
AGFB.BR,BEL,Agfa-Gevaert NV,Industrials,Specialty Industrial Machinery,EUR,74623496.0
INCLU.BR,BEL,Inclusio SA,Real Estate,Real Estate Services,EUR,123890872.0
ABO.BR,BEL,ABO-Group Environment NV,Industrials,Engineering & Construction,EUR,34031328.0
ATEB.BR,BEL,Atenor SA,Real Estate,Real Estate - Development,EUR,63710180.0
BANI.BR,BEL,Banimmo SA,Real Estate,Real Estate - Development,EUR,34424768.0
ACCB.BR,BEL,Accentis N.V.,Real Estate,Real Estate Services,EUR,32202776.0
IMMOU.BR,BEL,Immo Moury SCA,Real Estate,REIT - Specialty,EUR,15065242.0
MCC.BR,BEL,Immo Mechelen City Center Naamloze vennootschap,Real Estate,Real Estate Services,EUR,14677500.0
PETR3.SA,BRA,Petróleo Brasileiro S.A. - Petrobras,Energy,Oil & Gas Integrated,BRL,729760006144.0
ITUB3.SA,BRA,Itaú Unibanco Holding S.A.,Financial Services,Banks - Regional,BRL,539189968896.0
VALE3.SA,BRA,Vale S.A.,Basic Materials,Other Industrial Metals & Mining,BRL,306840469504.0
ABEV3.SA,BRA,Ambev S.A.,Consumer Defensive,Beverages - Brewers,BRL,244197163008.0
WEGE3.SA,BRA,WEG S.A.,Industrials,Electrical Equipment & Parts,BRL,215875436544.0
AXIA3.SA,BRA,AXIA Energia SA,Utilities,Utilities - Renewable,BRL,130547269632.0
VIVT3.SA,BRA,Telefônica Brasil S.A.,Communication Services,Telecom Services,BRL,96315572224.0
RDOR3.SA,BRA,Rede D'Or São Luiz S.A.,Healthcare,Medical Care Facilities,BRL,86514073600.0
VBBR3.SA,BRA,Vibra Energia S.A.,Consumer Cyclical,Specialty Retail,BRL,45635526656.0
TOTS3.SA,BRA,TOTVS S.A.,Technology,Software - Application,BRL,20038666240.0
ZIFI11.SA,BRA,Zion Capital Fundo De Investimento Imobiliario-Fii,Real Estate,REIT - Specialty,BRL,20032233472.0
PETR4.SA,BRA,Petróleo Brasileiro S.A. - Petrobras,Energy,Oil & Gas Integrated,BRL,699160526848.0
ITUB4.SA,BRA,Itaú Unibanco Holding S.A.,Financial Services,Banks - Regional,BRL,494110539776.0
KLBN11.SA,BRA,Klabin S.A.,Basic Materials,Paper & Paper Products,BRL,132314865664.0
MBRF3.SA,BRA,MBRF Global Foods Company S.A.,Consumer Defensive,Packaged Foods,BRL,23616520192.0
ITSA3.SA,BRA,Itaúsa S.A.,Industrials,Conglomerates,BRL,165816483840.0
SBSP3.SA,BRA,Companhia de Saneamento Básico do Estado de São Paulo - SABESP,Utilities,Utilities - Regulated Water,BRL,99273424896.0
TIMS3.SA,BRA,TIM S.A.,Communication Services,Telecom Services,BRL,44309811200.0
SAUD3.SA,BRA,Bradsaúde S.A.,Healthcare,Healthcare Plans,BRL,40987017216.0
GMAT3.SA,BRA,Grupo Mateus S.A.,Consumer Cyclical,Department Stores,BRL,11364406272.0
MULT3.SA,BRA,Multiplan Empreendimentos Imobiliários S.A.,Real Estate,Real Estate Services,BRL,16128984064.0
PRIO3.SA,BRA,Prio S.A.,Energy,Oil & Gas E&P,BRL,50249748480.0
BPAC3.SA,BRA,Banco BTG Pactual S.A.,Financial Services,Capital Markets,BRL,289343733760.0
SUZB3.SA,BRA,Suzano S.A.,Basic Materials,Paper & Paper Products,BRL,54619713536.0
ASAI3.SA,BRA,Sendas Distribuidora S.A.,Consumer Defensive,Grocery Stores,BRL,14892687360.0
ITSA4.SA,BRA,Itaúsa S.A.,Industrials,Conglomerates,BRL,164411834368.0
CPFE3.SA,BRA,CPFL Energia S.A.,Utilities,Utilities - Regulated Electric,BRL,55411916800.0
BMOB3.SA,BRA,Bemobi Mobile Tech S.A.,Communication Services,Entertainment,BRL,2364339712.0
RADL3.SA,BRA,Raia Drogasil S.A.,Healthcare,Pharmaceutical Retailers,BRL,34096455680.0
LREN3.SA,BRA,Lojas Renner S.A.,Consumer Cyclical,Department Stores,BRL,11146818560.0
ALOS3.SA,BRA,Allos S.A.,Real Estate,Real Estate Services,BRL,15259305984.0
UGPA3.SA,BRA,Ultrapar Participações S.A.,Energy,Oil & Gas Refining & Marketing,BRL,41081745408.0
BPAC5.SA,BRA,Banco BTG Pactual S.A.,Financial Services,Capital Markets,BRL,243224870912.0
GGBR4.SA,BRA,Gerdau S.A.,Basic Materials,Steel,BRL,51203039232.0
NATU3.SA,BRA,Natura Cosméticos S.A.,Consumer Defensive,Household & Personal Products,BRL,10231328768.0
EMBJ3.SA,BRA,Embraer S.A.,Industrials,Aerospace & Defense,BRL,69937610752.0
ENEV3.SA,BRA,Eneva S.A.,Utilities,Utilities - Diversified,BRL,55133728768.0
DESK3.SA,BRA,Desktop S.A.,Communication Services,Telecom Services,BRL,2241576448.0
HYPE3.SA,BRA,Hypera S.A.,Healthcare,Drug Manufacturers - Specialty & Generic,BRL,17712537600.0
SMFT3.SA,BRA,Smartfit Escola de Ginástica e Dança S.A.,Consumer Cyclical,Leisure,BRL,10790950912.0
IGTI4.SA,BRA,Iguatemi S.A.,Real Estate,Real Estate Services,BRL,14912547840.0
CSAN3.SA,BRA,Cosan S.A.,Energy,Oil & Gas Refining & Marketing,BRL,16252834816.0
BPAC11.SA,BRA,Banco BTG Pactual S.A.,Financial Services,Capital Markets,BRL,222458347520.0
GGBR3.SA,BRA,Gerdau S.A.,Basic Materials,Steel,BRL,44238639104.0
SLCE3.SA,BRA,SLC Agrícola S.A.,Consumer Defensive,Farm Products,BRL,8530518016.0
RENT3.SA,BRA,Localiza Rent a Car S.A.,Industrials,Rental & Leasing Services,BRL,45819424768.0
EQTL3.SA,BRA,Equatorial S.A.,Utilities,Utilities - Regulated Electric,BRL,52651479040.0
FIQE3.SA,BRA,Unifique Telecomunicações S.A.,Communication Services,Telecom Services,BRL,2118573696.0
FLRY3.SA,BRA,Fleury S.A.,Healthcare,Diagnostics & Research,BRL,12775217152.0
ALPA4.SA,BRA,Alpargatas S.A.,Consumer Cyclical,Footwear & Accessories,BRL,10305459200.0
ANCR11.SA,BRA,Fundo de Investimento Imobiliário - FII Ancar IC,Real Estate,REIT - Retail,BRL,9373755392.0
BRAV3.SA,BRA,Brava Energia S.A.,Energy,Oil & Gas E&P,BRL,8779864064.0
BBDC4.SA,BRA,Banco Bradesco S.A.,Financial Services,Banks - Regional,BRL,203629871104.0
CMIN3.SA,BRA,CSN Mineração S.A.,Basic Materials,Steel,BRL,26696312832.0
MDIA3.SA,BRA,M. Dias Branco S.A. Indústria e Comércio de Alimentos,Consumer Defensive,Packaged Foods,BRL,5718147584.0
RENT4.SA,BRA,Localiza Rent a Car S.A.,Industrials,Rental & Leasing Services,BRL,45233983488.0
CPLE3.SA,BRA,Companhia Paranaense de Energia - COPEL,Utilities,Utilities - Regulated Electric,BRL,49325232128.0
TELB3.SA,BRA,Telecomunicações Brasileiras S.A. - Telebras,Communication Services,Telecom Services,BRL,2019267456.0
DASA3.SA,BRA,Diagnósticos da América S.A.,Healthcare,Diagnostics & Research,BRL,4936815616.0
CYRE3.SA,BRA,Cyrela Brazil Realty S.A. Empreendimentos e Participações,Consumer Cyclical,Residential Construction,BRL,10100830208.0
CURY3.SA,BRA,Cury Construtora e Incorporadora S.A.,Real Estate,Real Estate - Development,BRL,8665377792.0
RECV3.SA,BRA,Petroreconcavo S.A.,Energy,Oil & Gas E&P,BRL,3281701376.0
BBDC3.SA,BRA,Banco Bradesco S.A.,Financial Services,Banks - Regional,BRL,178215845888.0
KLBN3.SA,BRA,Klabin S.A.,Basic Materials,Paper & Paper Products,BRL,23258703872.0
COGN3.SA,BRA,Cogna Educação S.A.,Consumer Defensive,Education & Training Services,BRL,4870258688.0
MOTV3.SA,BRA,Motiva Infraestrutura de Mobilidade S.A.,Industrials,Infrastructure Operations,BRL,35153838080.0
CMIG3.SA,BRA,Companhia Energética de Minas Gerais - CEMIG,Utilities,Utilities - Regulated Electric,BRL,49146515456.0
BRST3.SA,BRA,Brisanet Serviços de Telecomunicações S.A.,Communication Services,Telecom Services,BRL,1292122240.0
PGMN3.SA,BRA,Empreendimentos Pague Menos S.A.,Healthcare,Pharmaceutical Retailers,BRL,2659800064.0
ALPA3.SA,BRA,Alpargatas S.A.,Consumer Cyclical,Footwear & Accessories,BRL,7730792960.0
KNCR11.SA,BRA,Kinea Rendimentos Imobiliários Fundo de Investimento Imobiliário - FII,Real Estate,REIT - Mortgage,BRL,8076198912.0
RPMG3.SA,BRA,Refinaria de Petróleos de Manguinhos S.A.,Energy,Oil & Gas Refining & Marketing,BRL,57531640.0
SANB11.SA,BRA,Banco Santander (Brasil) S.A.,Financial Services,Banks - Regional,BRL,150941057024.0
KLBN4.SA,BRA,Klabin S.A.,Basic Materials,Paper & Paper Products,BRL,22585425920.0
BEEF3.SA,BRA,Minerva S.A.,Consumer Defensive,Packaged Foods,BRL,3847863296.0
RAIL3.SA,BRA,Rumo S.A.,Industrials,Railroads,BRL,31324545024.0
TAEE11.SA,BRA,Transmissora Aliança de Energia Elétrica S.A.,Utilities,Utilities - Regulated Electric,BRL,44285472768.0
TELB4.SA,BRA,Telecomunicações Brasileiras S.A. - Telebras,Communication Services,Telecom Services,BRL,951503296.0
BLAU3.SA,BRA,Blau Farmacêutica S.A.,Healthcare,Drug Manufacturers - Specialty & Generic,BRL,2499257088.0
FRAS3.SA,BRA,Frasle Mobility S.A.,Consumer Cyclical,Auto Parts,BRL,6431400960.0
JHSF3.SA,BRA,JHSF Participações S.A.,Real Estate,Real Estate - Development,BRL,7923843584.0
AZTE3.SA,BRA,Azevedo & Travassos Energia S.A.,Energy,Oil & Gas E&P,BRL,49614276.0
BBAS3.SA,BRA,Banco do Brasil S.A.,Financial Services,Banks - Regional,BRL,135414472704.0
GOAU4.SA,BRA,Metalurgica Gerdau S.A.,Basic Materials,Steel,BRL,15541583872.0
YDUQ3.SA,BRA,Yduqs Participações S.A.,Consumer Defensive,Education & Training Services,BRL,2819366400.0
MRSA3B.SA,BRA,MRS Logística S.A.,Industrials,Railroads,BRL,12792429568.0
EGIE3.SA,BRA,Engie Brasil Energia S.A.,Utilities,Utilities - Renewable,BRL,43482914816.0
CASH3.SA,BRA,Méliuz S.A.,Communication Services,Internet Content & Information,BRL,547944000.0
PNVL3.SA,BRA,Dimed S.A. Distribuidora de Medicamentos,Healthcare,Drug Manufacturers - General,BRL,1959808256.0
MGLU3.SA,BRA,Magazine Luiza S.A.,Consumer Cyclical,Specialty Retail,BRL,5902946304.0
KNIP11.SA,BRA,Kinea Indices Precos Fundo Investimento Imobiliario - FII,Real Estate,REIT - Diversified,BRL,7106138112.0
LUPA3.SA,BRA,Lupatech S.A.,Energy,Oil & Gas Equipment & Services,BRL,18075514.0
SANB3.SA,BRA,Banco Santander (Brasil) S.A.,Financial Services,Banks - Regional,BRL,106023387136.0
GOAU3.SA,BRA,Metalurgica Gerdau S.A.,Basic Materials,Steel,BRL,13782409216.0
VTRU3.SA,BRA,Vitru Educação S.A.,Consumer Defensive,Education & Training Services,BRL,2336692736.0
ORVR3.SA,BRA,Orizon Valorização de Resíduos S.A.,Industrials,Waste Management,BRL,9804940288.0
CMIG4.SA,BRA,Companhia Energética de Minas Gerais - CEMIG,Utilities,Utilities - Regulated Electric,BRL,32640380928.0
WDCN3.SA,BRA,Livetech da Bahia Indústria e Comércio S.A.,Communication Services,Telecom Services,BRL,194192080.0
MATD3.SA,BRA,Hospital Mater Dei S.A.,Healthcare,Medical Care Facilities,BRL,1713868928.0
VIVA3.SA,BRA,Vivara Participações S.A.,Consumer Cyclical,Luxury Goods,BRL,5873376256.0
RY.TO,CAN,Royal Bank of Canada,Financial Services,Banks - Diversified,CAD,386131329024.0
SHOP.TO,CAN,Shopify Inc.,Technology,Software - Application,CAD,277734981632.0
ENB.TO,CAN,Enbridge Inc.,Energy,Oil & Gas Midstream,CAD,146078400512.0
AEM.TO,CAN,Agnico Eagle Mines Limited,Basic Materials,Gold,CAD,132768874496.0
CP.TO,CAN,Canadian Pacific Kansas City Limited,Industrials,Railroads,CAD,107695996928.0
L.TO,CAN,Loblaw Companies Limited,Consumer Defensive,Grocery Stores,CAD,71832174592.0
ATD.TO,CAN,Alimentation Couche-Tard Inc.,Consumer Cyclical,Specialty Retail,CAD,70591324160.0
FTS.TO,CAN,Fortis Inc.,Utilities,Utilities - Regulated Electric,CAD,38475878400.0
BCE.TO,CAN,BCE Inc.,Communication Services,Telecom Services,CAD,26269251584.0
BLCO.TO,CAN,Bausch + Lomb Corporation,Healthcare,Medical Instruments & Supplies,CAD,8721975296.0
FSV.TO,CAN,FirstService Corporation,Real Estate,Real Estate Services,CAD,8043534848.0
TD.TO,CAN,The Toronto-Dominion Bank,Financial Services,Banks - Diversified,CAD,274461130752.0
CLS.TO,CAN,Celestica Inc.,Technology,Electronic Components,CAD,69574246400.0
CNQ.TO,CAN,Canadian Natural Resources Limited,Energy,Oil & Gas E&P,CAD,142449655808.0
ABX.TO,CAN,Barrick Mining Corporation,Basic Materials,Gold,CAD,94490222592.0
CNR.TO,CAN,Canadian National Railway Company,Industrials,Railroads,CAD,103095705600.0
DOL.TO,CAN,Dollarama Inc.,Consumer Defensive,Discount Stores,CAD,49366568960.0
MG.TO,CAN,Magna International Inc.,Consumer Cyclical,Auto Parts,CAD,24622526464.0
H.TO,CAN,Hydro One Limited,Utilities,Utilities - Regulated Electric,CAD,30502887424.0
RCI-A.TO,CAN,Rogers Communications Inc.,Communication Services,Telecom Services,CAD,24304736256.0
APTX.TO,CAN,Apotex Health Corp.,Healthcare,Drug Manufacturers - Specialty & Generic,CAD,7122314752.0
CSH-UN.TO,CAN,Chartwell Retirement Residences,Real Estate,REIT - Healthcare Facilities,CAD,6594454528.0
BMO.TO,CAN,Bank of Montreal,Financial Services,Banks - Diversified,CAD,164215537664.0
CSU.TO,CAN,Constellation Software Inc.,Technology,Software - Application,CAD,63176400896.0
SU.TO,CAN,Suncor Energy Inc.,Energy,Oil & Gas Integrated,CAD,115968770048.0
WPM.TO,CAN,Wheaton Precious Metals Corp.,Basic Materials,Gold,CAD,88270528512.0
TRI.TO,CAN,Thomson Reuters Corporation,Industrials,Specialty Business Services,CAD,60360585216.0
WN.TO,CAN,George Weston Limited,Consumer Defensive,Grocery Stores,CAD,37785583616.0
CCL-A.TO,CAN,CCL Industries Inc.,Consumer Cyclical,Packaging & Containers,CAD,15974374400.0
EMA.TO,CAN,Emera Incorporated,Utilities,Utilities - Regulated Electric,CAD,21015203840.0
RCI-B.TO,CAN,Rogers Communications Inc.,Communication Services,Telecom Services,CAD,23737497600.0
BHC.TO,CAN,Bausch Health Companies Inc.,Healthcare,Drug Manufacturers - Specialty & Generic,CAD,3092902144.0
CIGI.TO,CAN,Colliers International Group Inc.,Real Estate,Real Estate Services,CAD,6541288960.0
BNS.TO,CAN,The Bank of Nova Scotia,Financial Services,Banks - Diversified,CAD,158099668992.0
GIB-A.TO,CAN,CGI Inc.,Technology,Information Technology Services,CAD,20740673536.0
TRP.TO,CAN,TC Energy Corporation,Energy,Oil & Gas Midstream,CAD,87831363584.0
FNV.TO,CAN,Franco-Nevada Corporation,Basic Materials,Gold,CAD,65715523584.0
BBD-B.TO,CAN,Bombardier Inc.,Industrials,Aerospace & Defense,CAD,57476374528.0
MRU.TO,CAN,Metro Inc.,Consumer Defensive,Grocery Stores,CAD,18792019968.0
CCL-B.TO,CAN,CCL Industries Inc.,Consumer Cyclical,Packaging & Containers,CAD,15906750464.0
BEP-UN.TO,CAN,Brookfield Renewable Partners L.P.,Utilities,Utilities - Renewable,CAD,19694729216.0
T.TO,CAN,TELUS Corporation,Communication Services,Telecom Services,CAD,18065250304.0
EXE.TO,CAN,Extendicare Inc.,Healthcare,Medical Care Facilities,CAD,2688862720.0
KMP-UN.TO,CAN,Killam Apartment REIT,Real Estate,REIT - Residential,CAD,2122675584.0
CM.TO,CAN,Canadian Imperial Bank of Commerce,Financial Services,Banks - Diversified,CAD,143698935808.0
DSG.TO,CAN,The Descartes Systems Group Inc.,Technology,Software - Application,CAD,9753391104.0
IMO.TO,CAN,Imperial Oil Limited,Energy,Oil & Gas Integrated,CAD,86737190912.0
TECK-B.TO,CAN,Teck Resources Limited,Basic Materials,Copper,CAD,47961055232.0
BBD-A.TO,CAN,Bombardier Inc.,Industrials,Aerospace & Defense,CAD,57390800896.0
SAP.TO,CAN,Saputo Inc.,Consumer Defensive,Packaged Foods,CAD,15357667328.0
LULU.NE,CAN,lululemon athletica inc.,Consumer Cyclical,Apparel Retail,CAD,15242609664.0
CU.TO,CAN,Canadian Utilities Limited,Utilities,Utilities - Diversified,CAD,14003238912.0
QBR-A.TO,CAN,Quebecor Inc.,Communication Services,Telecom Services,CAD,13937053696.0
SIA.TO,CAN,Sienna Senior Living Inc.,Healthcare,Medical Care Facilities,CAD,2122631168.0
MEQ.TO,CAN,Mainstreet Equity Corp.,Real Estate,Real Estate Services,CAD,1545958784.0
BN.TO,CAN,Brookfield Corporation,Financial Services,Asset Management,CAD,117577949184.0
BB.TO,CAN,BlackBerry Limited,Technology,Software - Infrastructure,CAD,7766436352.0
CVE.TO,CAN,Cenovus Energy Inc.,Energy,Oil & Gas Integrated,CAD,85296332800.0
TECK-A.TO,CAN,Teck Resources Limited,Basic Materials,Copper,CAD,47961055232.0
WCN.TO,CAN,"Waste Connections, Inc.",Industrials,Waste Management,CAD,55156555776.0
TPX-A.TO,CAN,Molson Coors Canada Inc.,Consumer Defensive,Beverages - Brewers,CAD,11746597888.0
ATZ.TO,CAN,Aritzia Inc.,Consumer Cyclical,Apparel Retail,CAD,14054425600.0
CPX.TO,CAN,Capital Power Corporation,Utilities,Utilities - Independent Power Producers,CAD,9654136832.0
QBR-B.TO,CAN,Quebecor Inc.,Communication Services,Telecom Services,CAD,13934818304.0
CRON.TO,CAN,Cronos Group Inc.,Healthcare,Drug Manufacturers - Specialty & Generic,CAD,1698383360.0
AIF.TO,CAN,Altus Group Limited,Real Estate,Real Estate Services,CAD,1508125952.0
MFC.TO,CAN,Manulife Financial Corporation,Financial Services,Insurance - Life,CAD,101579390976.0
OTEX.TO,CAN,Open Text Corporation,Technology,Software - Application,CAD,7672996352.0
CCO.TO,CAN,Cameco Corporation,Energy,Uranium,CAD,52873707520.0
NTR.TO,CAN,Nutrien Ltd.,Basic Materials,Agricultural Inputs,CAD,47706693632.0
WSP.TO,CAN,WSP Global Inc.,Industrials,Engineering & Construction,CAD,23187113984.0
EMP-A.TO,CAN,Empire Company Limited,Consumer Defensive,Grocery Stores,CAD,10793275392.0
GIL.TO,CAN,Gildan Activewear Inc.,Consumer Cyclical,Apparel Manufacturing,CAD,10813351936.0
ACO-X.TO,CAN,ATCO Ltd.,Utilities,Utilities - Diversified,CAD,8387799040.0
CCA.TO,CAN,Cogeco Communications Inc.,Communication Services,Telecom Services,CAD,2190646272.0
HELP.NE,CAN,Cybin D/B/A Helus Pharma,Healthcare,Biotechnology,CAD,1216609920.0
SVI.TO,CAN,StorageVault Canada Inc.,Real Estate,Real Estate Services,CAD,1488197248.0
GWO.TO,CAN,Great-West Lifeco Inc.,Financial Services,Insurance - Life,CAD,80854466560.0
LMN.V,CAN,Lumine Group Inc.,Technology,Software - Application,CAD,5732899328.0
PPL.TO,CAN,Pembina Pipeline Corporation,Energy,Oil & Gas Midstream,CAD,38068588544.0
K.TO,CAN,Kinross Gold Corporation,Basic Materials,Gold,CAD,40747368448.0
TIH.TO,CAN,Toromont Industries Ltd.,Industrials,Industrial Distribution,CAD,19298162688.0
TPX-B.TO,CAN,Molson Coors Canada Inc.,Consumer Defensive,Beverages - Brewers,CAD,10077835264.0
CTC.TO,CAN,"Canadian Tire Corporation, Limited",Consumer Cyclical,Specialty Retail,CAD,10587037696.0
NPI.TO,CAN,Northland Power Inc.,Utilities,Utilities - Renewable,CAD,5912561664.0
RAY.TO,CAN,Stingray Group Inc.,Communication Services,Broadcasting,CAD,1055232576.0
WELL.TO,CAN,WELL Health Technologies Corp.,Healthcare,Medical Care Facilities,CAD,1103131648.0
MRC.TO,CAN,Morguard Corporation,Real Estate,Real Estate - Diversified,CAD,1211983360.0
NA.TO,CAN,National Bank of Canada,Financial Services,Banks - Diversified,CAD,77528473600.0
KXS.TO,CAN,Kinaxis Inc.,Technology,Software - Application,CAD,4758966784.0
TOU.TO,CAN,Tourmaline Oil Corp.,Energy,Oil & Gas E&P,CAD,24089419776.0
FM.TO,CAN,First Quantum Minerals Ltd.,Basic Materials,Copper,CAD,32826009600.0
FTT.TO,CAN,Finning International Inc.,Industrials,Industrial Distribution,CAD,14612121600.0
PBH.TO,CAN,Premium Brands Holdings Corporation,Consumer Defensive,Packaged Foods,CAD,3633504256.0
CTC-A.TO,CAN,"Canadian Tire Corporation, Limited",Consumer Cyclical,Specialty Retail,CAD,10044126208.0
AQN.TO,CAN,Algonquin Power & Utilities Corp.,Utilities,Utilities - Diversified,CAD,5620283904.0
CGX.TO,CAN,Cineplex Inc.,Communication Services,Entertainment,CAD,780605120.0
GUD.TO,CAN,Knight Therapeutics Inc.,Healthcare,Drug Manufacturers - Specialty & Generic,CAD,1013750272.0
RFA.TO,CAN,RFA Financial Inc.,Real Estate,Real Estate Services,CAD,1168957696.0
SLF.TO,CAN,Sun Life Financial Inc.,Financial Services,Insurance - Diversified,CAD,62202585088.0
CHILE.SN,CHL,Banco de Chile,Financial Services,Banks - Regional,CLP,19142738444288.0
SQM-B.SN,CHL,Sociedad Química y Minera de Chile S.A.,Basic Materials,Specialty Chemicals,CLP,18235118321664.0
FALABELLA.SN,CHL,Falabella S.A.,Consumer Cyclical,Department Stores,CLP,15906074787840.0
LTM.SN,CHL,LATAM Airlines Group S.A.,Industrials,Airlines,CLP,13494076309504.0
ENELAM.SN,CHL,Enel Américas S.A.,Utilities,Utilities - Regulated Electric,CLP,8743740243968.0
QUINENCO.SN,CHL,Quiñenco SA,Energy,Oil & Gas Refining & Marketing,CLP,7881480470528.0
MALLPLAZA.SN,CHL,Plaza S.A.,Real Estate,Real Estate Services,CLP,7859910213632.0
ANDINA-B.SN,CHL,Embotelladora Andina S.A.,Consumer Defensive,Beverages - Non-Alcoholic,CLP,4524607537152.0
ENTEL.SN,CHL,Empresa Nacional de Telecomunicaciones S.A.,Communication Services,Telecom Services,CLP,1268471955456.0
INDISA.SN,CHL,Instituto de Diagnóstico S.A.,Healthcare,Medical Care Facilities,CLP,386513403904.0
SONDA.SN,CHL,Sonda S.A.,Technology,Information Technology Services,CLP,253188358144.0
BSANTANDER.SN,CHL,Banco Santander-Chile,Financial Services,Banks - Regional,CLP,14849555824640.0
SQM-A.SN,CHL,Sociedad Química y Minera de Chile S.A.,Basic Materials,Specialty Chemicals,CLP,16975455584256.0
CENCOSUD.SN,CHL,Cencosud S.A.,Consumer Cyclical,Department Stores,CLP,5232343384064.0
COPEC.SN,CHL,Empresas Copec S.A.,Industrials,Conglomerates,CLP,8208576937984.0
ENELCHILE.SN,CHL,Enel Chile S.A.,Utilities,Utilities - Renewable,CLP,5610099179520.0
LIPIGAS.SN,CHL,Empresas Lipigas S.A.,Energy,Oil & Gas Refining & Marketing,CLP,1090315288576.0
CENCOMALLS.SN,CHL,Cencosud Shopping S.A.,Real Estate,Real Estate Services,CLP,3702506389504.0
ANDINA-A.SN,CHL,Embotelladora Andina S.A.,Consumer Defensive,Beverages - Non-Alcoholic,CLP,3738953842688.0
ALMENDRAL.SN,CHL,Almendral S.A.,Communication Services,Telecom Services,CLP,432421896192.0
LAS-CONDES.SN,CHL,Clínica Las Condes S.A.,Healthcare,Medical Care Facilities,CLP,310695100416.0
BCI.SN,CHL,Banco de Crédito e Inversiones,Financial Services,Banks - Regional,CLP,14012533178368.0
ENAEX.SN,CHL,Enaex S.A.,Basic Materials,Specialty Chemicals,CLP,3074999975936.0
RIPLEY.SN,CHL,Ripley Corp S.A.,Consumer Cyclical,Department Stores,CLP,859607269376.0
ANTARCHILE.SN,CHL,AntarChile S.A.,Industrials,Conglomerates,CLP,3357250682880.0
ENELGXCH.SN,CHL,Enel Generación Chile S.A.,Utilities,Utilities - Renewable,CLP,4843136090112.0
PARAUCO.SN,CHL,Parque Arauco S.A.,Real Estate,Real Estate - Diversified,CLP,3572822441984.0
CCU.SN,CHL,Compañía Cervecerías Unidas S.A.,Consumer Defensive,Beverages - Brewers,CLP,1923188523008.0
COLO-COLO.SN,CHL,Blanco y Negro S.A.,Communication Services,Entertainment,CLP,15199000576.0
ITAUCL.SN,CHL,Banco Itaú Chile,Financial Services,Banks - Regional,CLP,4943386247168.0
CMPC.SN,CHL,Empresas CMPC S.A.,Basic Materials,Paper & Paper Products,CLP,2437500108800.0
SMU.SN,CHL,SMU S.A.,Consumer Cyclical,Department Stores,CLP,672998096896.0
VAPORES.SN,CHL,Compañía Sud Americana de Vapores S.A.,Industrials,Marine Shipping,CLP,2617313853440.0
COLBUN.SN,CHL,Colbún S.A.,Utilities,Utilities - Regulated Electric,CLP,2586584809472.0
PAZ.SN,CHL,Paz Corp S.A.,Real Estate,Real Estate Services,CLP,302865022976.0
EMBONOR-B.SN,CHL,Coca-Cola Embonor S.A.,Consumer Defensive,Beverages - Non-Alcoholic,CLP,860787638272.0
CRUZADOS.SN,CHL,Cruzados SADP,Communication Services,Entertainment,CLP,15184627712.0
BICE.SN,CHL,Bicecorp S.A.,Financial Services,Financial Conglomerates,CLP,4276818542592.0
PUCOBRE.SN,CHL,Sociedad Punta del Cobre S.A.,Basic Materials,Copper,CLP,2069619802112.0
FORUS.SN,CHL,Forus S.A.,Consumer Cyclical,Apparel Retail,CLP,454905430016.0
SK.SN,CHL,Sigdo Koppers S.A.,Industrials,Conglomerates,CLP,1726850269184.0
AGUAS-A.SN,CHL,Aguas Andinas S.A.,Utilities,Utilities - Regulated Water,CLP,1994782670848.0
ZOFRI.SN,CHL,Zona Franca de Iquique S.A.,Real Estate,Real Estate Services,CLP,217812140032.0
CONCHATORO.SN,CHL,Viña Concha y Toro S.A.,Consumer Defensive,Beverages - Wineries & Distilleries,CLP,663194959872.0
ILC.SN,CHL,Inversiones La Construcción S.A.,Financial Services,Insurance - Life,CLP,2453627731968.0
MOLYMET.SN,CHL,Molibdenos y Metales S.A.,Basic Materials,Other Industrial Metals & Mining,CLP,1403142668288.0
TRICOT.SN,CHL,Empresas Tricot S.A.,Consumer Cyclical,Apparel Retail,CLP,250833649664.0
SMSAAM.SN,CHL,Sociedad Matriz SAAM S.A.,Industrials,Marine Shipping,CLP,1292986351616.0
ECL.SN,CHL,Engie Energia Chile S.A.,Utilities,Utilities - Regulated Electric,CLP,1985488879616.0
SOCOVESA.SN,CHL,Socovesa S.A.,Real Estate,Real Estate - Development,CLP,204397264896.0
BLUMAR.SN,CHL,Blumar S.A.,Consumer Defensive,Farm Products,CLP,574950473728.0
PROVIDA.SN,CHL,Administradora de Fondos de Pensiones Provida S.A.,Financial Services,Asset Management,CLP,1692560785408.0
CAP.SN,CHL,CAP S.A.,Basic Materials,Steel,CLP,792074977280.0
CRISTALES.SN,CHL,Cristalerías de Chile S.A.,Consumer Cyclical,Packaging & Containers,CLP,134400000000.0
POTASIOS-A.SN,CHL,Potasios Investments S.A.,Industrials,Conglomerates,CLP,863960104960.0
PEHUENCHE.SN,CHL,Empresa Eléctrica Pehuenche S.A.,Utilities,Utilities - Renewable,CLP,1654701948928.0
MANQUEHUE.SN,CHL,Inmobiliaria Manquehue S.A.,Real Estate,Real Estate - Development,CLP,54979211264.0
MULTI-X.SN,CHL,Multiexport Foods S.A.,Consumer Defensive,Farm Products,CLP,444359671808.0
HABITAT.SN,CHL,Administradora de Fondos de Pensiones Habitat S.A.,Financial Services,Asset Management,CLP,1399999954944.0
INVERCAP.SN,CHL,Invercap S.A.,Basic Materials,Steel,CLP,242449678336.0
HITES.SN,CHL,Empresas Hites S.A.,Consumer Cyclical,Department Stores,CLP,88911265792.0
BESALCO.SN,CHL,Besalco S.A.,Industrials,Engineering & Construction,CLP,738653372416.0
NTGCLGAS.SN,CHL,Naturgy Chile Gas Natural S.A.,Utilities,Utilities - Regulated Gas,CLP,1449793945600.0
CAMANCHACA.SN,CHL,Camanchaca S.A.,Consumer Defensive,Farm Products,CLP,342181412864.0
BANVIDA.SN,CHL,Banvida S.A.,Financial Services,Insurance Brokers,CLP,1275252310016.0
SOQUICOM.SN,CHL,Soquimich Comercial S.A.,Basic Materials,Agricultural Inputs,CLP,102043762688.0
ABC.SN,CHL,abc S.A.,Consumer Cyclical,Department Stores,CLP,53779509248.0
SALFACORP.SN,CHL,SalfaCorp S.A.,Industrials,Engineering & Construction,CLP,701123526656.0
MINERA.SN,CHL,Minera Valparaiso S.A.,Utilities,Utilities - Renewable,CLP,1300000014336.0
WATTS.SN,CHL,Watt's S.A.,Consumer Defensive,Packaged Foods,CLP,214587293696.0
CUPRUM.SN,CHL,Administradora de Fondos de Pensiones Cuprum S.A.,Financial Services,Asset Management,CLP,1150600347648.0
CINTAC.SN,CHL,Cintac S.A.,Basic Materials,Steel,CLP,63071436800.0
ENJOY.SN,CHL,Enjoy S.A.,Consumer Cyclical,Resorts & Casinos,CLP,5809613824.0
EISA.SN,CHL,Echeverría Izquierdo S.A.,Industrials,Engineering & Construction,CLP,319893241856.0
IAM.SN,CHL,Inversiones Aguas Metropolitanas S.A.,Utilities,Utilities - Regulated Water,CLP,899999989760.0
VSPT.SN,CHL,Viña San Pedro Tarapacá S.A.,Consumer Defensive,Beverages - Wineries & Distilleries,CLP,151884857344.0
AFPCAPITAL.SN,CHL,Administradora de Fondos de Pensiones Capital S.A.,Financial Services,Asset Management,CLP,850289557504.0
MASISA.SN,CHL,Masisa S.A.,Basic Materials,Lumber & Wood Production,CLP,54311239680.0
INGEVEC.SN,CHL,Ingevec S.A.,Industrials,Engineering & Construction,CLP,254642405376.0
CGE.SN,CHL,Compañía General de Electricidad S.A.,Utilities,Utilities - Regulated Electric,CLP,414078861312.0
NUTRAVALOR.SN,CHL,Inversiones Nutravalor S.A.,Consumer Defensive,Farm Products,CLP,24872540160.0
NUAM.SN,CHL,Nuam S.A.,Financial Services,Asset Management,CLP,716896993280.0
SCHWAGER.SN,CHL,Schwager S.A.,Industrials,Engineering & Construction,CLP,131071631360.0
GASCO.SN,CHL,Empresas Gasco S.A.,Utilities,Utilities - Regulated Gas,CLP,231336001536.0
AAISA.SN,CHL,Administradora Americana de Inversiones S.A.,Financial Services,Asset Management,CLP,637999972352.0
MOLLER.SN,CHL,Empresa Constructora Moller y Pérez Cotapos S.A.,Industrials,Engineering & Construction,CLP,121795780608.0
PASUR.SN,CHL,Forestal Constructora y Comercial del Pacifico Sur SA,Financial Services,Asset Management,CLP,555749998592.0
SIEMEL.SN,CHL,Inversiones Siemel S.A.,Industrials,Conglomerates,CLP,119649361920.0
PLANVITAL.SN,CHL,Administradora de Fondos de Pensiones PlanVital S.A.,Financial Services,Asset Management,CLP,550924779520.0
FROWARD.SN,CHL,Portuaria Cabo Froward S.A.,Industrials,Marine Shipping,CLP,52668211200.0
TRICAHUE.SN,CHL,Inversiones Tricahue S.A.,Industrials,Conglomerates,CLP,47416897536.0
FEPASA.SN,CHL,Ferrocarril del Pacífico S.A.,Industrials,Railroads,CLP,27338215424.0
688825.SS,CHN,CXMT Corporation,Technology,Semiconductors,CNY,3719369850880.0
601398.SS,CHN,Industrial and Commercial Bank of China Limited,Financial Services,Banks - Diversified,CNY,2951043874816.0
601857.SS,CHN,PetroChina Company Limited,Energy,Oil & Gas Integrated,CNY,2051665166336.0
600519.SS,CHN,"Kweichow Moutai Co., Ltd.",Consumer Defensive,Beverages - Wineries & Distilleries,CNY,1573377802240.0
300750.SZ,CHN,"Contemporary Amperex Technology Co., Limited",Industrials,Electrical Equipment & Parts,CNY,1347038609408.0
601899.SS,CHN,Zijin Mining Group Company Limited,Basic Materials,Gold,CNY,792139923456.0
002594.SZ,CHN,BYD Company Limited,Consumer Cyclical,Auto Manufacturers,CNY,759553654784.0
600900.SS,CHN,"China Yangtze Power Co., Ltd.",Utilities,Utilities - Renewable,CNY,698322976768.0
601728.SS,CHN,China Telecom Corporation Limited,Communication Services,Telecom Services,CNY,574664867840.0
603259.SS,CHN,"WuXi AppTec Co., Ltd.",Healthcare,Diagnostics & Research,CNY,507860844544.0
600048.SS,CHN,"Poly Developments and Holdings Group Co., Ltd.",Real Estate,Real Estate - Development,CNY,69069455360.0
601138.SS,CHN,"Foxconn Industrial Internet Co., Ltd.",Technology,Communication Equipment,CNY,1154926116864.0
601939.SS,CHN,China Construction Bank Corporation,Financial Services,Banks - Diversified,CNY,2893300367360.0
601088.SS,CHN,China Shenhua Energy Company Limited,Energy,Thermal Coal,CNY,1036754944000.0
000858.SZ,CHN,"Wuliangye Yibin Co.,Ltd.",Consumer Defensive,Beverages - Wineries & Distilleries,CNY,271945449472.0
600150.SS,CHN,China CSSC Holdings Limited,Industrials,Aerospace & Defense,CNY,294251790336.0
603993.SS,CHN,CMOC Group Limited,Basic Materials,Other Industrial Metals & Mining,CNY,361135964160.0
000333.SZ,CHN,"Midea Group Co., Ltd.",Consumer Cyclical,"Furnishings, Fixtures & Appliances",CNY,611157737472.0
003816.SZ,CHN,"CGN Power Co., Ltd.",Utilities,Utilities - Independent Power Producers,CNY,213609955328.0
002602.SZ,CHN,"Zhejiang Century Huatong Group Co.,Ltd",Communication Services,Electronic Gaming & Multimedia,CNY,101715419136.0
600276.SS,CHN,"Jiangsu Hengrui Pharmaceuticals Co.,Ltd",Healthcare,Drug Manufacturers - Specialty & Generic,CNY,313275842560.0
001979.SZ,CHN,"China Merchants Shekou Industrial Zone Holdings Co., Ltd.",Real Estate,Real Estate - Development,CNY,68341522432.0
688981.SS,CHN,Semiconductor Manufacturing International Corporation,Technology,Semiconductors,CNY,958897061888.0
601288.SS,CHN,Agricultural Bank of China Limited,Financial Services,Banks - Diversified,CNY,2439381778432.0
600028.SS,CHN,China Petroleum & Chemical Corporation,Energy,Oil & Gas Integrated,CNY,637365649408.0
002714.SZ,CHN,"Muyuan Foods Group Co., Ltd.",Consumer Defensive,Farm Products,CNY,245063696384.0
601919.SS,CHN,"COSCO SHIPPING Holdings Co., Ltd.",Industrials,Marine Shipping,CNY,249120391168.0
600309.SS,CHN,"Wanhua Chemical Group Co., Ltd.",Basic Materials,Specialty Chemicals,CNY,215689510912.0
603268.SS,CHN,"Guangdong Songfa Ceramics Co.,Ltd.",Consumer Cyclical,"Furnishings, Fixtures & Appliances",CNY,217659064320.0
601985.SS,CHN,"China National Nuclear Power Co., Ltd.",Utilities,Utilities - Regulated Electric,CNY,186551779328.0
601698.SS,CHN,"China Satellite Communications Co., Ltd.",Communication Services,Telecom Services,CNY,95471116288.0
300760.SZ,CHN,"Shenzhen Mindray Bio-Medical Electronics Co., Ltd.",Healthcare,Medical Devices,CNY,195487498240.0
600663.SS,CHN,"Shanghai Lujiazui Finance & Trade Zone Development Co.,Ltd.",Real Estate,Real Estate - Development,CNY,50905403392.0
300308.SZ,CHN,"Zhongji Innolight Co., Ltd.",Technology,Communication Equipment,CNY,952269275136.0
601988.SS,CHN,Bank of China Limited,Financial Services,Banks - Diversified,CNY,2168489377792.0
601225.SS,CHN,Shaanxi Coal Industry Company Limited,Energy,Thermal Coal,CNY,252360851456.0
603288.SS,CHN,Foshan Haitian Flavouring and Food Company Ltd.,Consumer Defensive,Packaged Foods,CNY,193844592640.0
688808.SS,CHN,"Semight Instruments Co., Ltd.",Industrials,Electrical Equipment & Parts,CNY,235005280256.0
002379.SZ,CHN,Shandong Hongqiao Aluminum Industry Holding Company Limited,Basic Materials,Aluminum,CNY,212146601984.0
000338.SZ,CHN,"Weichai Power Co., Ltd.",Consumer Cyclical,Auto Manufacturers,CNY,216869535744.0
600025.SS,CHN,Huaneng Lancang River Hydropower Inc.,Utilities,Utilities - Renewable,CNY,184261525504.0
002027.SZ,CHN,"Focus Media Information Technology Co., Ltd.",Communication Services,Advertising Agencies,CNY,68311605248.0
688506.SS,CHN,"Sichuan Biokin Pharmaceutical Co.,Ltd.",Healthcare,Drug Manufacturers - Specialty & Generic,CNY,99915464704.0
000002.SZ,CHN,"China Vanke Co., Ltd.",Real Estate,Real Estate - Development,CNY,50824822784.0
688256.SS,CHN,Cambricon Technologies Corporation Limited,Technology,Semiconductors,CNY,634520010752.0
600036.SS,CHN,"China Merchants Bank Co., Ltd.",Financial Services,Banks - Regional,CNY,1040570777600.0
600188.SS,CHN,Yankuang Energy Group Company Limited,Energy,Thermal Coal,CNY,195116400640.0
600887.SS,CHN,"Inner Mongolia Yili Industrial Group Co., Ltd.",Consumer Defensive,Packaged Foods,CNY,172682346496.0
601816.SS,CHN,"Beijing-Shanghai High-Speed Railway Co., Ltd.",Industrials,Railroads,CNY,232886239232.0
600989.SS,CHN,"Ningxia Baofeng Energy Group Co., Ltd.",Basic Materials,Chemicals,CNY,164707254272.0
000651.SZ,CHN,"Gree Electric Appliances, Inc. of Zhuhai",Consumer Cyclical,"Furnishings, Fixtures & Appliances",CNY,214421815296.0
600930.SS,CHN,Huadian New Energy Group Corporation Limited,Utilities,Utilities - Renewable,CNY,161851441152.0
300418.SZ,CHN,"Kunlun Tech Co., Ltd.",Communication Services,Electronic Gaming & Multimedia,CNY,51504193536.0
000538.SZ,CHN,"Yunnan Baiyao Group Co.,Ltd",Healthcare,Drug Manufacturers - Specialty & Generic,CNY,89998204928.0
600895.SS,CHN,"Shanghai Zhangjiang Hi-Tech Park Development Co., Ltd.",Real Estate,Real Estate - Development,CNY,43378794496.0
300502.SZ,CHN,"Eoptolink Technology Inc., Ltd.",Technology,Communication Equipment,CNY,542552817664.0
601628.SS,CHN,China Life Insurance Company Limited,Financial Services,Insurance - Life,CNY,1037314686976.0
601898.SS,CHN,China Coal Energy Company Limited,Energy,Thermal Coal,CNY,182969548800.0
600809.SS,CHN,"Shanxi Xinghuacun Fen Wine Factory Co.,Ltd.",Consumer Defensive,Beverages - Wineries & Distilleries,CNY,141027852288.0
600406.SS,CHN,"NARI Technology Co., Ltd.",Industrials,Electrical Equipment & Parts,CNY,180875149312.0
601600.SS,CHN,Aluminum Corporation of China Limited,Basic Materials,Aluminum,CNY,160235929600.0
600690.SS,CHN,"Haier Smart Home Co., Ltd.",Consumer Cyclical,"Furnishings, Fixtures & Appliances",CNY,189969055744.0
001248.SZ,CHN,China Resources New Energy Holdings Company Limited,Utilities,Utilities - Renewable,CNY,153731416064.0
300058.SZ,CHN,"BlueFocus Intelligent Communications Group Co., Ltd.",Communication Services,Advertising Agencies,CNY,44411035648.0
688271.SS,CHN,"Shanghai United Imaging Healthcare Co., Ltd.",Healthcare,Medical Devices,CNY,88489844736.0
002244.SZ,CHN,"Hangzhou Binjiang Real Estate Group Co.,Ltd",Real Estate,Real Estate - Development,CNY,31550042112.0
688041.SS,CHN,"Hygon Information Technology Co., Ltd.",Technology,Computer Hardware,CNY,527159918592.0
601318.SS,CHN,"Ping An Insurance (Group) Company of China, Ltd.",Financial Services,Insurance - Life,CNY,964956258304.0
601872.SS,CHN,"China Merchants Energy Shipping Co., Ltd.",Energy,Oil & Gas Midstream,CNY,162701950976.0
300999.SZ,CHN,"Yihai Kerry Arawana Holdings Co., Ltd",Consumer Defensive,Packaged Foods,CNY,130660360192.0
601668.SS,CHN,China State Construction Engineering Corporation Limited,Industrials,Engineering & Construction,CNY,179330498560.0
600176.SS,CHN,"China Jushi Co., Ltd.",Basic Materials,Building Materials,CNY,157763616768.0
600660.SS,CHN,"Fuyao Glass Industry Group Co., Ltd.",Consumer Cyclical,Auto Parts,CNY,139830067200.0
001289.SZ,CHN,China Longyuan Power Group Corporation Limited,Utilities,Utilities - Renewable,CNY,124644859904.0
002558.SZ,CHN,"Giant Network Group Co., Ltd.",Communication Services,Electronic Gaming & Multimedia,CNY,42762641408.0
300759.SZ,CHN,"Pharmaron Beijing Co., Ltd.",Healthcare,Biotechnology,CNY,82622644224.0
600515.SS,CHN,"Hainan Airport Infrastructure Co., Ltd",Real Estate,Real Estate - Diversified,CNY,31419600896.0
002371.SZ,CHN,"NAURA Technology Group Co., Ltd.",Technology,Semiconductor Equipment & Materials,CNY,447002771456.0
601328.SS,CHN,"Bank of Communications Co., Ltd.",Financial Services,Banks - Diversified,CNY,684819349504.0
001280.SZ,CHN,"China National Uranium Co., Ltd.",Energy,Uranium,CNY,124545908736.0
000568.SZ,CHN,"Luzhou Laojiao Co.,Ltd",Consumer Defensive,Beverages - Wineries & Distilleries,CNY,106389037056.0
300274.SZ,CHN,"Sungrow Power Supply Co., Ltd.",Industrials,Electrical Equipment & Parts,CNY,171019206656.0
600362.SS,CHN,Jiangxi Copper Company Limited,Basic Materials,Copper,CNY,144742088704.0
600104.SS,CHN,SAIC Motor Corporation Limited,Consumer Cyclical,Auto Manufacturers,CNY,125068623872.0
600886.SS,CHN,"SDIC Power Holdings Co., Ltd",Utilities,Utilities - Renewable,CNY,121988489216.0
002555.SZ,CHN,"37 Interactive Entertainment Network Technology Group Co., Ltd.",Communication Services,Electronic Gaming & Multimedia,CNY,38050488320.0
002001.SZ,CHN,Zhejiang NHU Company Ltd.,Healthcare,Drug Manufacturers - Specialty & Generic,CNY,79755288576.0
601155.SS,CHN,"Seazen Holdings Co., Ltd",Real Estate,Real Estate - Development,CNY,29029867520.0
002475.SZ,CHN,"Luxshare Precision Industry Co., Ltd.",Technology,Electronic Components,CNY,382602018816.0
601658.SS,CHN,"Postal Savings Bank of China Co., Ltd.",Financial Services,Banks - Regional,CNY,655719006208.0
002353.SZ,CHN,"Yantai Jereh Oilfield Services Group Co., Ltd.",Energy,Oil & Gas Equipment & Services,CNY,112849387520.0
300498.SZ,CHN,"Wens Foodstuff Group Co., Ltd.",Consumer Defensive,Farm Products,CNY,100607410176.0
600031.SS,CHN,"Sany Heavy Industry Co.,Ltd",Industrials,Farm & Heavy Construction Machinery,CNY,160820641792.0
002493.SZ,CHN,"Rongsheng Petrochemical Co., Ltd.",Basic Materials,Chemicals,CNY,133159272448.0
601633.SS,CHN,Great Wall Motor Company Limited,Consumer Cyclical,Auto Manufacturers,CNY,117423267840.0
600011.SS,CHN,"Huaneng Power International, Inc.",Utilities,Utilities - Independent Power Producers,CNY,111341846528.0
002517.SZ,CHN,"Kingnet Network Co., Ltd.",Communication Services,Electronic Gaming & Multimedia,CNY,34204456960.0
300015.SZ,CHN,"Aier Eye Hospital Group Co., Ltd.",Healthcare,Medical Care Facilities,CNY,74210525184.0
600208.SS,CHN,"Quzhou Xin'an Development Co., Ltd.",Real Estate,Real Estate - Development,CNY,24761018368.0
688347.SS,CHN,Hua Hong Grace Semiconductor Limited,Technology,Semiconductors,CNY,361284730880.0
CEZ.PR,CZE,"CEZ, a. s.",Utilities,Utilities - Regulated Electric,CZK,718252081152.0
KOMB.PR,CZE,"Komercní banka, a.s.",Financial Services,Banks - Regional,CZK,188855910400.0
COLT.PR,CZE,Colt CZ Group SE,Industrials,Aerospace & Defense,CZK,54557036544.0
TABAK.PR,CZE,Philip Morris CR a.s.,Consumer Defensive,Tobacco,CZK,49691488256.0
KARIN.PR,CZE,KARO Leather a.s.,Consumer Cyclical,Textile Manufacturing,CZK,986700032.0
PINK.PR,CZE,Pilulka Lékárny a.s.,Healthcare,Pharmaceutical Retailers,CZK,286942016.0
FIXED.PR,CZE,FIXED.zone a.s.,Technology,Consumer Electronics,CZK,114433000.0
EFORU.PR,CZE,E4U a.s.,,,CZK,0.0
MONET.PR,CZE,"MONETA Money Bank, a.s.",Financial Services,Banks - Regional,CZK,93921804288.0
DSPW.PR,CZE,Doosan Skoda Power a.s.,Industrials,Specialty Industrial Machinery,CZK,15471500288.0
KOFOL.PR,CZE,Kofola CeskoSlovensko a.s.,Consumer Defensive,Beverages - Non-Alcoholic,CZK,10986871808.0
MMCTE.PR,CZE,mmcité a.s.,Consumer Cyclical,"Furnishings, Fixtures & Appliances",CZK,489000000.0
HWIO.PR,CZE,HARDWARIO a.s.,Technology,Information Technology Services,CZK,113357104.0
SABFG.PR,CZE,SAB Finance a.s.,Financial Services,Capital Markets,CZK,3231960064.0
PRIUA.PR,CZE,Primoco UAV SE,Industrials,Aerospace & Defense,CZK,3117298432.0
PRAB.PR,CZE,Prabos plus a.s.,Consumer Cyclical,Footwear & Accessories,CZK,244000000.0
EMAN.PR,CZE,eMan a.s.,Technology,Software - Application,CZK,68600000.0
PVT.PR,CZE,"RMS Mezzanine, a.s.",Financial Services,Credit Services,CZK,1065071104.0
TOMA.PR,CZE,"TOMA, a.s.",Industrials,Conglomerates,CZK,1825204480.0
M2C.PR,CZE,Mark2 Corporation Investment SE,Industrials,Specialty Business Services,CZK,458376000.0
KLIKY.PR,CZE,"M&T 1997, a.s.",Industrials,Building Products & Equipment,CZK,263680000.0
CSG.PR,CZE,CSG N.V.,Industrials,Aerospace & Defense,CZK,
SAP.F,DEU,SAP SE,Technology,Software - Application,EUR,214197239808.0
SIE.DE,DEU,Siemens Aktiengesellschaft,Industrials,Specialty Industrial Machinery,EUR,210157879296.0
ALV.DE,DEU,Allianz SE,Financial Services,Insurance - Diversified,EUR,158807162880.0
DTEA.F,DEU,Deutsche Telekom AG,Communication Services,Telecom Services,EUR,130565259264.0
MRK.DE,DEU,Merck KGaA,Healthcare,Drug Manufacturers - Specialty & Generic,EUR,59042836480.0
RWE.DE,DEU,RWE Aktiengesellschaft,Utilities,Utilities - Diversified,EUR,45941125120.0
BAS.DE,DEU,BASF SE,Basic Materials,Chemicals,EUR,44552306688.0
P911.F,DEU,Dr. Ing. h.c. F. Porsche AG,Consumer Cyclical,Auto Manufacturers,EUR,39355199488.0
HEN3.F,DEU,Henkel AG & Co. KGaA,Consumer Defensive,Household & Personal Products,EUR,29359785984.0
VTWR.HM,DEU,Vantage Towers AG,Real Estate,Real Estate Services,EUR,19567335424.0
1COV.DE,DEU,Covestro AG,,,EUR,11320645632.0
SAP.DE,DEU,SAP SE,Technology,Software - Application,EUR,214012559360.0
SIE.F,DEU,Siemens Aktiengesellschaft,Industrials,Specialty Industrial Machinery,EUR,209124524032.0
ALV.F,DEU,Allianz SE,Financial Services,Insurance - Diversified,EUR,158579589120.0
DTE.DE,DEU,Deutsche Telekom AG,Communication Services,Telecom Services,EUR,127839174656.0
MRK.F,DEU,Merck KGaA,Healthcare,Drug Manufacturers - Specialty & Generic,EUR,58955882496.0
RWE.F,DEU,RWE Aktiengesellschaft,Utilities,Utilities - Diversified,EUR,45707128832.0
BAS.F,DEU,BASF SE,Basic Materials,Chemicals,EUR,44287008768.0
P911.DE,DEU,Dr. Ing. h.c. F. Porsche AG,Consumer Cyclical,Auto Manufacturers,EUR,38963470336.0
HEN3.DE,DEU,Henkel AG & Co. KGaA,Consumer Defensive,Household & Personal Products,EUR,29181655040.0
VNA.F,DEU,Vonovia SE,Real Estate,Real Estate Services,EUR,14347046912.0
SAPA.F,DEU,SAP SE,Technology,Software - Application,EUR,210065178624.0
SIEB.F,DEU,Siemens Aktiengesellschaft,Industrials,Specialty Industrial Machinery,EUR,208205971456.0
ALVE.F,DEU,Allianz SE,Financial Services,Insurance - Diversified,EUR,157024518144.0
DTE.F,DEU,Deutsche Telekom AG,Communication Services,Telecom Services,EUR,127647875072.0
MRKC.F,DEU,Merck KGaA,Healthcare,Drug Manufacturers - Specialty & Generic,EUR,58695012352.0
RWEA.F,DEU,RWE Aktiengesellschaft,Utilities,Utilities - Diversified,EUR,45239140352.0
BASA.F,DEU,BASF SE,Basic Materials,Chemicals,EUR,42801344512.0
MBG.DE,DEU,Mercedes-Benz Group AG,Consumer Cyclical,Auto Manufacturers,EUR,38182866944.0
HEN1.SG,DEU,Henkel AG & Co. KGaA,Consumer Defensive,Household & Personal Products,EUR,28825382912.0
VNA.DE,DEU,Vonovia SE,Real Estate,Real Estate Services,EUR,14321593344.0
SAP0.F,DEU,SAP SE,Technology,Software - Application,EUR,191610421248.0
SIE0.F,DEU,Siemens Aktiengesellschaft,Industrials,Specialty Industrial Machinery,EUR,191011143680.0
ALV0.F,DEU,Allianz SE,Financial Services,Insurance - Diversified,EUR,142081359872.0
MRKC.SG,DEU,Merck KGaA,Healthcare,Drug Manufacturers - Specialty & Generic,EUR,58260230144.0
EOAN.DE,DEU,E.ON SE,Utilities,Utilities - Diversified,EUR,44665049088.0
HEI.F,DEU,Heidelberg Materials AG,Basic Materials,Building Materials,EUR,26080212992.0
MBG.F,DEU,Mercedes-Benz Group AG,Consumer Cyclical,Auto Manufacturers,EUR,37940817920.0
HEN.DE,DEU,Henkel AG & Co. KGaA,Consumer Defensive,Household & Personal Products,EUR,26882101248.0
VNAA.F,DEU,Vonovia SE,Real Estate,Real Estate Services,EUR,13744658432.0
IFX.DE,DEU,Infineon Technologies AG,Technology,Semiconductors,EUR,83115999232.0
ENR1.F,DEU,Siemens Energy AG,Industrials,Specialty Industrial Machinery,EUR,123373043712.0
MUV2.DE,DEU,Münchener Rückversicherungs-Gesellschaft Aktiengesellschaft in München,Financial Services,Insurance - Reinsurance,EUR,64266027008.0
BAYN.DE,DEU,Bayer Aktiengesellschaft,Healthcare,Drug Manufacturers - General,EUR,44199260160.0
EOAN.F,DEU,E.ON SE,Utilities,Utilities - Diversified,EUR,44573548544.0
HEI.DE,DEU,Heidelberg Materials AG,Basic Materials,Building Materials,EUR,26053840896.0
P91A.F,DEU,Dr. Ing. h.c. F. Porsche AG,Consumer Cyclical,Auto Manufacturers,EUR,37897596928.0
HEN.F,DEU,Henkel AG & Co. KGaA,Consumer Defensive,Household & Personal Products,EUR,26740404224.0
DWNI.DE,DEU,Deutsche Wohnen SE,Real Estate,Real Estate Services,EUR,6160426496.0
ENR.DE,DEU,Siemens Energy AG,Industrials,Specialty Industrial Machinery,EUR,122454122496.0
DBK.DE,DEU,Deutsche Bank Aktiengesellschaft,Financial Services,Banks - Regional,EUR,58483875840.0
SHL.DE,DEU,Siemens Healthineers AG,Healthcare,Medical Devices,EUR,41824464896.0
EOAA.F,DEU,E.ON SE,Utilities,Utilities - Diversified,EUR,43658555392.0
HEI0.F,DEU,Heidelberg Materials AG,Basic Materials,Building Materials,EUR,25491275776.0
VOW3.DE,DEU,Volkswagen AG,Consumer Cyclical,Auto Manufacturers,EUR,34148235264.0
HENE.SG,DEU,Henkel AG & Co. KGaA,Consumer Defensive,Household & Personal Products,EUR,26396278784.0
DWNI.F,DEU,Deutsche Wohnen SE,Real Estate,Real Estate Services,EUR,6065161728.0
ENR.F,DEU,Siemens Energy AG,Industrials,Specialty Industrial Machinery,EUR,122369048576.0
DB1.DE,DEU,Deutsche Börse AG,Financial Services,Financial Data & Stock Exchanges,EUR,52139196416.0
FRE.DE,DEU,Fresenius SE & Co. KGaA,Healthcare,Medical Care Facilities,EUR,24768356352.0
EBK.F,DEU,EnBW Energie Baden-Württemberg AG,Utilities,Utilities - Diversified,EUR,22319489024.0
SY1.DE,DEU,Symrise AG,Basic Materials,Specialty Chemicals,EUR,12541010944.0
BMW.DE,DEU,Bayerische Motoren Werke Aktiengesellschaft,Consumer Cyclical,Auto Manufacturers,EUR,32837851136.0
BEI.DE,DEU,Beiersdorf Aktiengesellschaft,Consumer Defensive,Household & Personal Products,EUR,16555360256.0
DWNP.F,DEU,Deutsche Wohnen SE,Real Estate,Real Estate Services,EUR,5914326528.0
SIE1.F,DEU,Siemens Aktiengesellschaft,Industrials,Specialty Industrial Machinery,EUR,81962311680.0
HNR1.DE,DEU,Hannover Rück SE,Financial Services,Insurance - Reinsurance,EUR,30776389632.0
SRT3.DE,DEU,Sartorius Aktiengesellschaft,Healthcare,Medical Instruments & Supplies,EUR,17159493632.0
EBK.DE,DEU,EnBW Energie Baden-Württemberg AG,Utilities,Utilities - Diversified,EUR,22319489024.0
ADS.DE,DEU,adidas AG,Consumer Cyclical,Footwear & Accessories,EUR,25060249600.0
DHL.DE,DEU,DHL AG,Industrials,Integrated Freight & Logistics,EUR,63214858240.0
FME.DE,DEU,Fresenius Medical Care AG,Healthcare,Medical Care Facilities,EUR,10723785728.0
UN0.F,DEU,Uniper SE,Utilities,Utilities - Regulated Gas,EUR,19574339584.0
CON.DE,DEU,Continental Aktiengesellschaft,Consumer Cyclical,Auto Parts,EUR,13948417024.0
RHM.DE,DEU,Rheinmetall AG,Industrials,Aerospace & Defense,EUR,45090684928.0
UN0.DE,DEU,Uniper SE,Utilities,Utilities - Regulated Gas,EUR,19470221312.0
ZAL.DE,DEU,Zalando SE,Consumer Cyclical,Internet Retail,EUR,5460818432.0
LHA.DE,DEU,Deutsche Lufthansa AG,Industrials,Airlines,EUR,9125940224.0
PUM.DE,DEU,PUMA SE,Consumer Cyclical,Footwear & Accessories,EUR,3303367936.0
NOVO-B.CO,DNK,Novo Nordisk A/S,Healthcare,Drug Manufacturers - General,DKK,1088882081792.0
MAERSK-B.CO,DNK,A.P. Møller - Mærsk A/S,Industrials,Marine Shipping,DKK,348977430528.0
DANSKE.CO,DNK,Danske Bank A/S,Financial Services,Banks - Regional,DKK,295203962880.0
NSIS-B.CO,DNK,Novozymes A/S,Basic Materials,Specialty Chemicals,DKK,196851220480.0
ORSTED.CO,DNK,Ørsted A/S,Utilities,Utilities - Renewable,DKK,179466289152.0
CARL-A.CO,DNK,Carlsberg A/S,Consumer Defensive,Beverages - Brewers,DKK,135476371456.0
PNDORA.CO,DNK,Pandora A/S,Consumer Cyclical,Luxury Goods,DKK,58045288448.0
NETC.CO,DNK,Netcompany Group A/S,Technology,Information Technology Services,DKK,14243046400.0
JDAN.CO,DNK,Jeudan A/S,Real Estate,Real Estate Services,DKK,10938950656.0
PARKEN.CO,DNK,PARKEN Sport & Entertainment A/S,Communication Services,Entertainment,DKK,2059682176.0
ATLA-DKK.CO,DNK,P/F Atlantic Petroleum,Energy,Oil & Gas E&P,DKK,19302828.0
GMAB.CO,DNK,Genmab A/S,Healthcare,Biotechnology,DKK,146279333888.0
MAERSK-A.CO,DNK,A.P. Møller - Mærsk A/S,Industrials,Marine Shipping,DKK,339327614976.0
TRYG.CO,DNK,Tryg A/S,Financial Services,Insurance - Diversified,DKK,86524370944.0
SPG.CO,DNK,SP Group A/S,Basic Materials,Specialty Chemicals,DKK,5524855808.0
CARL-B.CO,DNK,Carlsberg A/S,Consumer Defensive,Beverages - Brewers,DKK,113773715456.0
BOOZT-DKK.CO,DNK,Boozt AB (publ),Consumer Cyclical,Apparel Retail,DKK,5544593920.0
BETCO-DKK.CO,DNK,Better Collective A/S,Technology,Software - Application,DKK,2893877248.0
PRIMOF.CO,DNK,Prime Office A/S,Real Estate,Real Estate - Development,DKK,898483584.0
GYLD-A.CO,DNK,Gyldendal A/S,Communication Services,Publishing,DKK,1293529600.0
COLO-B.CO,DNK,Coloplast A/S,Healthcare,Medical Instruments & Supplies,DKK,91927666688.0
DSV.CO,DNK,DSV A/S,Industrials,Integrated Freight & Logistics,DKK,282229604352.0
JYSK.CO,DNK,Jyske Bank A/S,Financial Services,Banks - Regional,DKK,60221665280.0
HH.CO,DNK,H+H International A/S,Basic Materials,Building Materials,DKK,1559793664.0
RBREW.CO,DNK,Royal Unibrew A/S,Consumer Defensive,Beverages - Brewers,DKK,19140603904.0
TIV.CO,DNK,Tivoli A/S,Consumer Cyclical,Leisure,DKK,3452862720.0
SOLAR-B.CO,DNK,Solar A/S,Technology,Electronics & Computer Distribution,DKK,1515115136.0
PARKST-A.CO,DNK,Park Street A/S,Real Estate,Real Estate Services,DKK,650718720.0
NORTHM.CO,DNK,North Media A/S,Communication Services,Publishing,DKK,901245184.0
DEMANT.CO,DNK,Demant A/S,Healthcare,Medical Devices,DKK,66601779200.0
VWS.CO,DNK,Vestas Wind Systems A/S,Industrials,Specialty Industrial Machinery,DKK,190378065920.0
ALSYDB.CO,DNK,AL Sydbank A/S,Financial Services,Banks - Regional,DKK,60172722176.0
FLUG-B.CO,DNK,Flügger group A/S,Basic Materials,Specialty Chemicals,DKK,1131934080.0
BIOMAR.CO,DNK,BioMar Group A/S,Consumer Defensive,Farm Products,DKK,12328476672.0
MATAS.CO,DNK,Matas A/S,Consumer Cyclical,Specialty Retail,DKK,3062573568.0
BO.CO,DNK,Bang & Olufsen A/S,Technology,Consumer Electronics,DKK,1474556544.0
FED.CO,DNK,Fast Ejendom Danmark A/S,Real Estate,Real Estate Services,DKK,568730816.0
AGF-B.CO,DNK,AGF A/S,Communication Services,Entertainment,DKK,501120000.0
ALK-B.CO,DNK,ALK-Abelló A/S,Healthcare,Biotechnology,DKK,45070299136.0
NKT.CO,DNK,NKT A/S,Industrials,Electrical Equipment & Parts,DKK,47918329856.0
RILBA.CO,DNK,Ringkjøbing Landbobank A/S,Financial Services,Banks - Regional,DKK,43653320704.0
HOVE.CO,DNK,Hove A/S,Basic Materials,Specialty Chemicals,DKK,175466320.0
STG.CO,DNK,Scandinavian Tobacco Group A/S,Consumer Defensive,Tobacco,DKK,5773254656.0
TCM.CO,DNK,TCM Group A/S,Consumer Cyclical,"Furnishings, Fixtures & Appliances",DKK,683466688.0
CBRAIN.CO,DNK,cBrain A/S,Technology,Software - Application,DKK,1439403392.0
CPHCAP-ST.CO,DNK,Copenhagen Capital A/S,Real Estate,Real Estate Services,DKK,382355328.0
TGAMES.CO,DNK,TROPHY GAMES Development A/S,Communication Services,Electronic Gaming & Multimedia,DKK,385389984.0
HLUN-B.CO,DNK,H. Lundbeck A/S,Healthcare,Drug Manufacturers - Specialty & Generic,DKK,43436290048.0
ISS.CO,DNK,ISS A/S,Industrials,Specialty Business Services,DKK,44927479808.0
ALMB.CO,DNK,Alm. Brand A/S,Financial Services,Insurance - Diversified,DKK,22745053184.0
SIG.CO,DNK,Scandinavian Investment Group A/S,Basic Materials,Lumber & Wood Production,DKK,160443680.0
FFARMS.CO,DNK,FirstFarms A/S,Consumer Defensive,Farm Products,DKK,848876544.0
HUSCO.CO,DNK,HusCompagniet A/S,Consumer Cyclical,Residential Construction,DKK,572203200.0
COLUM.CO,DNK,Columbus A/S,Technology,Information Technology Services,DKK,1203574016.0
EGNETY.CO,DNK,EgnsINVEST Ejendomme Tyskland A/S,Real Estate,Real Estate Services,DKK,337118976.0
GYLD-B.CO,DNK,Gyldendal A/S,Communication Services,Publishing,DKK,379974336.0
HLUN-A.CO,DNK,H. Lundbeck A/S,Healthcare,Drug Manufacturers - Specialty & Generic,DKK,42017517568.0
KBHL.CO,DNK,Københavns Lufthavne A/S,Industrials,Airports & Air Services,DKK,42693500928.0
SJF.CO,DNK,SJF Bank A/S,Financial Services,Banks - Regional,DKK,7661927424.0
RIAS-B.CO,DNK,RIAS A/S,Basic Materials,Building Materials,DKK,147603200.0
HARB-B.CO,DNK,Harboes Bryggeri A/S,Consumer Defensive,Beverages - Brewers,DKK,514319744.0
GABR.CO,DNK,Gabriel Holding A/S,Consumer Cyclical,Textile Manufacturing,DKK,402011936.0
NNIT.CO,DNK,NNIT A/S,Technology,Information Technology Services,DKK,836766976.0
PFINV.CO,DNK,Papirfabrikken Invest A/S,Real Estate,Real Estate Services,DKK,310910176.0
BIF.CO,DNK,Brøndbyernes IF Fodbold A/S,Communication Services,Entertainment,DKK,325089664.0
ZEAL.CO,DNK,Zealand Pharma A/S,Healthcare,Biotechnology,DKK,17862096896.0
ROCK-A.CO,DNK,Rockwool A/S,Industrials,Building Products & Equipment,DKK,41244585984.0
LASP.CO,DNK,Lån & Spar Bank A/S,Financial Services,Banks - Regional,DKK,4615480832.0
ALEFRM.CO,DNK,Alefarm Brewing A/S,Consumer Defensive,Beverages - Brewers,DKK,36636616.0
AAB.CO,DNK,Aalborg Boldspilklub A/S,Consumer Cyclical,Leisure,DKK,72721040.0
RTX.CO,DNK,RTX A/S,Technology,Communication Equipment,DKK,789216064.0
SWISS.CO,DNK,Swiss Properties Invest A/S,Real Estate,Real Estate Services,DKK,250723344.0
MDUNDO.CO,DNK,Mdundo.com A/S,Communication Services,Internet Content & Information,DKK,29703932.0
AMBU-B.CO,DNK,Ambu A/S,Healthcare,Medical Devices,DKK,17659219968.0
ROCK-B.CO,DNK,Rockwool A/S,Industrials,Building Products & Equipment,DKK,39026913280.0
SKJE.CO,DNK,Skjern Bank A/S,Financial Services,Banks - Regional,DKK,4092999424.0
BARDJU.CO,DNK,BAR DJUS A/S,Consumer Defensive,Beverages - Non-Alcoholic,DKK,
IMPERO.CO,DNK,Impero A/S,Technology,Software - Application,DKK,212981152.0
GERHSP.CO,DNK,German High Street Properties A/S,Real Estate,Real Estate Services,DKK,237539840.0
BAVA.CO,DNK,Bavarian Nordic A/S,Healthcare,Biotechnology,DKK,16464133120.0
FLS.CO,DNK,FLSmidth & Co. A/S,Industrials,Specialty Industrial Machinery,DKK,29196396544.0
DAB.CO,DNK,Danske Andelskassers Bank A/S,Financial Services,Banks - Regional,DKK,3209462272.0
DATA.CO,DNK,Dataproces Group A/S,Technology,Information Technology Services,DKK,145004704.0
CEMAT.CO,DNK,Cemat A/S,Real Estate,Real Estate Services,DKK,220367968.0
GN.CO,DNK,GN Store Nord A/S,Healthcare,Medical Devices,DKK,15558700032.0
SCHO.CO,DNK,Aktieselskabet Schouw & Co.,Industrials,Conglomerates,DKK,17763500032.0
DJUR.CO,DNK,Djurslands Bank A/S,Financial Services,Banks - Regional,DKK,2857061120.0
KONSOL.CO,DNK,Konsolidator A/S,Technology,Software - Application,DKK,106722592.0
AGAT.CO,DNK,Agat Ejendomme A/S,Real Estate,Real Estate Services,DKK,110545248.0
CHEMM.CO,DNK,ChemoMetec A/S,Healthcare,Medical Devices,DKK,10057241600.0
DNORD.CO,DNK,Dampskibsselskabet Norden A/S,Industrials,Marine Shipping,DKK,10990098432.0
FOBANK.CO,DNK,Føroya Banki,Financial Services,Banks - Regional,DKK,2680719872.0
DANT.CO,DNK,Dantax A/S,Technology,Consumer Electronics,DKK,92100000.0
MOVINN.CO,DNK,Movinn A/S,Real Estate,Real Estate Services,DKK,24935958.0
GUBRA.CO,DNK,Gubra A/S,Healthcare,Biotechnology,DKK,4948657664.0
DFDS.CO,DNK,DFDS A/S,Industrials,Marine Shipping,DKK,8880276480.0
KRE.CO,DNK,Kreditbanken A/S,Financial Services,Banks - Regional,DKK,1631539968.0
AGILC.CO,DNK,Agillic A/S,Technology,Software - Application,DKK,67475952.0
CPHCAP-PREF32.CO,DNK,Copenhagen Capital A/S,Real Estate,Real Estate Services,DKK,
BIOPOR.CO,DNK,BioPorto A/S,Healthcare,Diagnostics & Research,DKK,529752608.0
SAN.MC,ESP,"Banco Santander, S.A.",Financial Services,Banks - Diversified,EUR,175145566208.0
ITX.MC,ESP,"Industria de Diseño Textil, S.A.",Consumer Cyclical,Apparel Retail,EUR,166839894016.0
IBE.MC,ESP,"Iberdrola, S.A.",Utilities,Utilities - Diversified,EUR,139802329088.0
AENA.MC,ESP,"Aena S.M.E., S.A.",Industrials,Airports & Air Services,EUR,38100000768.0
REP.MC,ESP,"Repsol, S.A.",Energy,Oil & Gas Integrated,EUR,31292456960.0
AMS.MC,ESP,"Amadeus IT Group, S.A.",Technology,Information Technology Services,EUR,22326493184.0
TEF.MC,ESP,"Telefónica, S.A.",Communication Services,Telecom Services,EUR,19169832960.0
CLNX.MC,ESP,"Cellnex Telecom, S.A.",Real Estate,Real Estate Services,EUR,15086297088.0
PUIG.MC,ESP,"Puig Brands, S.A.",Consumer Defensive,Household & Personal Products,EUR,10032231424.0
GRF.MC,ESP,"Grifols, S.A.",Healthcare,Drug Manufacturers - General,EUR,6559424000.0
ACX.MC,ESP,"Acerinox, S.A.",Basic Materials,Steel,EUR,4283038976.0
BBVA.MC,ESP,"Banco Bilbao Vizcaya Argentaria, S.A.",Financial Services,Banks - Diversified,EUR,131284598784.0
FDR.MC,ESP,"Fluidra, S.A.",Consumer Cyclical,Leisure,EUR,3286877952.0
ELE.MC,ESP,"Endesa, S.A.",Utilities,Utilities - Regulated Electric,EUR,42741264384.0
ACS.MC,ESP,"ACS, Actividades de Construcción y Servicios, S.A.",Industrials,Engineering & Construction,EUR,24557395968.0
IDR.MC,ESP,"Indra Sistemas, S.A.",Technology,Information Technology Services,EUR,10382029824.0
DIGIS.MC,ESP,"DIGI Spain Telecom, S.A.",Communication Services,Telecom Services,EUR,1874291968.0
MRL.MC,ESP,"MERLIN Properties SOCIMI, S.A.",Real Estate,REIT - Office,EUR,7733593600.0
EBRO.MC,ESP,"Ebro Foods, S.A.",Consumer Defensive,Packaged Foods,EUR,2751112960.0
ROVI.MC,ESP,"Laboratorios Farmaceuticos Rovi, S.A.",Healthcare,Drug Manufacturers - Specialty & Generic,EUR,2930493952.0
CMO.MC,ESP,"Cementos Molins, S.A.",Basic Materials,Building Materials,EUR,2205262080.0
CABK.MC,ESP,"CaixaBank, S.A.",Financial Services,Banks - Regional,EUR,83692961792.0
CIE.MC,ESP,"CIE Automotive, S.A.",Consumer Cyclical,Auto Parts,EUR,3095411200.0
NTGY.MC,ESP,"Naturgy Energy Group, S.A.",Utilities,Utilities - Regulated Gas,EUR,27347138560.0
ANA.MC,ESP,"Acciona, S.A.",Industrials,Engineering & Construction,EUR,11151657984.0
ART.MC,ESP,"Arteche Lantegi Elkartea, S.A.",Technology,Electronic Components,EUR,2047159936.0
A3M.MC,ESP,"Atresmedia Corporación de Medios de Comunicación, S.A.",Communication Services,Entertainment,EUR,1301531392.0
COL.MC,ESP,"Colonial SFL, Socimi S. A.",Real Estate,REIT - Office,EUR,3056578048.0
DIA.MC,ESP,"Distribuidora Internacional de Alimentación, S.A.",Consumer Defensive,Discount Stores,EUR,2545899008.0
ALM.MC,ESP,"Almirall, S.A.",Healthcare,Drug Manufacturers - Specialty & Generic,EUR,2206519296.0
IMC.MC,ESP,"Inmocemento, S.A.",Basic Materials,Building Materials,EUR,1659079936.0
SAB.MC,ESP,"Banco de Sabadell, S.A.",Financial Services,Banks - Diversified,EUR,16516068352.0
CIRSA.MC,ESP,"Cirsa Enterprises, S.A.",Consumer Cyclical,Resorts & Casinos,EUR,3069947136.0
RED.MC,ESP,"Redeia Corporación, S.A.",Utilities,Utilities - Regulated Electric,EUR,7948247552.0
FCC.MC,ESP,"Fomento de Construcciones y Contratas, S.A.",Industrials,Waste Management,EUR,4994301952.0
AMP.MC,ESP,"Amper, S.A.",Technology,Information Technology Services,EUR,443150112.0
PRS.MC,ESP,"Promotora de Informaciones, S.A.",Communication Services,Publishing,EUR,314908096.0
HOME.MC,ESP,"Neinor Homes, S.A.",Real Estate,Real Estate - Development,EUR,1582021760.0
OLE.MC,ESP,"Deoleo, S.A.",Consumer Defensive,Packaged Foods,EUR,178500000.0
FAE.MC,ESP,"Faes Farma, S.A.",Healthcare,Drug Manufacturers - Specialty & Generic,EUR,1412447488.0
ENC.MC,ESP,"ENCE Energía y Celulosa, S.A.",Basic Materials,Paper & Paper Products,EUR,535109440.0
BKT.MC,ESP,"Bankinter, S.A.",Financial Services,Banks - Regional,EUR,14203894784.0
VID.MC,ESP,"Vidrala, S.A.",Consumer Cyclical,Packaging & Containers,EUR,2892048128.0
ANE.MC,ESP,"Corporación Acciona Energías Renovables, S.A.",Utilities,Utilities - Renewable,EUR,6977812992.0
LOG.MC,ESP,"Logista Integral, S.A.",Industrials,Integrated Freight & Logistics,EUR,4575429120.0
ALC.MC,ESP,"Altia Consultores, S.A.",Technology,Information Technology Services,EUR,408432512.0
SEC.MC,ESP,"Secuoya, Grupo de Comunicación, S.A.",Communication Services,Entertainment,EUR,243822960.0
MVC.MC,ESP,Metrovacesa S.A.,Real Estate,Real Estate - Development,EUR,1546486656.0
NTH.MC,ESP,"Naturhouse Health, S.A.",Consumer Defensive,Packaged Foods,EUR,127800008.0
PHM.MC,ESP,"Pharma Mar, S.A.",Healthcare,Biotechnology,EUR,1235319296.0
MCM.MC,ESP,"Miquel y Costas & Miquel, S.A.",Basic Materials,Paper & Paper Products,EUR,488426112.0
MAP.MC,ESP,"Mapfre, S.A.",Financial Services,Insurance - Diversified,EUR,13124415488.0
VIS.MC,ESP,"Viscofan, S.A.",Consumer Cyclical,Packaging & Containers,EUR,2421119232.0
ENG.MC,ESP,"Enagás, S.A.",Utilities,Utilities - Regulated Gas,EUR,4266284544.0
SCYR.MC,ESP,"Sacyr, S.A.",Industrials,Engineering & Construction,EUR,3147128832.0
DOM.MC,ESP,"Global Dominion Access, S.A.",Technology,Information Technology Services,EUR,403413280.0
VOC.MC,ESP,"Vocento, S.A.",Communication Services,Publishing,EUR,102595880.0
RLIA.MC,ESP,"Realia Business, S.A.",Real Estate,Real Estate Services,EUR,1464300672.0
RIO.MC,ESP,"Bodegas Riojanas, S.A.",Consumer Defensive,Beverages - Wineries & Distilleries,EUR,83389984.0
CBAV.MC,ESP,"Clínica Baviera, S.A.",Healthcare,Diagnostics & Research,EUR,894295744.0
TUB.MC,ESP,"Tubacex, S.A.",Basic Materials,Steel,EUR,359986752.0
UNI.MC,ESP,"Unicaja Banco, S.A.",Financial Services,Banks - Regional,EUR,8622711808.0
MEL.MC,ESP,"Meliá Hotels International, S.A.",Consumer Cyclical,Lodging,EUR,2173367808.0
SLR.MC,ESP,"Solaria Energía y Medio Ambiente, S.A.",Utilities,Utilities - Renewable,EUR,2116871936.0
CAF.MC,ESP,"Construcciones y Auxiliar de Ferrocarriles, S.A.",Industrials,Railroads,EUR,2616392960.0
IZER.MC,ESP,"izertis, S.A.",Technology,Information Technology Services,EUR,276931552.0
MAKS.MC,ESP,"Making Science Group, S.A.",Communication Services,Advertising Agencies,EUR,51510940.0
YCPS.MC,ESP,"Castellana Properties Socimi, S.A.",Real Estate,REIT - Retail,EUR,1381651328.0
PVA.MC,ESP,"Pescanova, S.A.",Consumer Defensive,Farm Products,EUR,6667150.0
ORY.MC,ESP,Oryzon Genomics S.A.,Healthcare,Biotechnology,EUR,222924368.0
NAT.MC,ESP,"Natac Natural Ingredients, S.A.",Basic Materials,Specialty Chemicals,EUR,243993392.0
LDA.MC,ESP,"Línea Directa Aseguradora, S.A., Compañía de Seguros y Reaseguros",Financial Services,Insurance - Property & Casualty,EUR,1311312640.0
GEST.MC,ESP,"Gestamp Automoción, S.A.",Consumer Cyclical,Auto Parts,EUR,1711854848.0
COXG.MC,ESP,"Cox Infrastructure Group, S.A.",Utilities,Utilities - Renewable,EUR,967040704.0
ENO.MC,ESP,"Elecnor, S.A.",Industrials,Engineering & Construction,EUR,2561347072.0
SOL.MC,ESP,"Soltec Power Holdings, S.A.",Technology,Solar,EUR,248825328.0
PAR.MC,ESP,"Parlem Telecom Companyia de Telecomunicacions, S.A.",Communication Services,Telecom Services,EUR,34968356.0
AEDAS.MC,ESP,"Aedas Homes, S.A.",Real Estate,Real Estate - Development,EUR,1002140544.0
PRM.MC,ESP,"Prim, S.A.",Healthcare,Medical Instruments & Supplies,EUR,215618736.0
IBG.MC,ESP,"Iberpapel Gestión, S.A.",Basic Materials,Paper & Paper Products,EUR,186879648.0
R4.MC,ESP,"Renta 4 Banco, S.A.",Financial Services,Asset Management,EUR,785378816.0
EBROM.MC,ESP,"EBRO EV Motors, S.A.",Consumer Cyclical,Auto Manufacturers,EUR,493723008.0
ADX.MC,ESP,"Audax Renovables, S.A.",Utilities,Utilities - Renewable,EUR,481281760.0
TRE.MC,ESP,"Técnicas Reunidas, S.A.",Industrials,Engineering & Construction,EUR,2072617088.0
SQRL.MC,ESP,"Squirrel Media, S.A.",Technology,Information Technology Services,EUR,193693232.0
OPTS.MC,ESP,"Optare Solutions, S.A.",Communication Services,Telecom Services,EUR,24464504.0
YATO.MC,ESP,"Atom Hoteles SOCIMI, S.A.",Real Estate,REIT - Hotel & Motel,EUR,574603456.0
RJF.MC,ESP,"Laboratorio Reig Jofre, S.A.",Healthcare,Drug Manufacturers - Specialty & Generic,EUR,214200160.0
ALNT.MC,ESP,"Alantra Partners, S.A.",Financial Services,Capital Markets,EUR,345463456.0
EAT.MC,ESP,AmRest Holdings SE,Consumer Cyclical,Restaurants,EUR,493391840.0
ENER.MC,ESP,"Ecoener, S.A.",Utilities,Utilities - Renewable,EUR,197501904.0
GRE.MC,ESP,"Grenergy Renovables, S.A.",Industrials,Engineering & Construction,EUR,2007527040.0
ATSI.MC,ESP,"Aplicaciones y Tratamiento de Sistemas, S.A.",Technology,Information Technology Services,EUR,190000000.0
LLN.MC,ESP,"LleidaNetworks Serveis Telemàtics, S.A.",Communication Services,Telecom Services,EUR,14563658.0
ARM.MC,ESP,"Árima Real Estate SOCIMI, S.A.",Real Estate,REIT - Office,EUR,308163136.0
ATRY.MC,ESP,"Atrys Health, S.A.",Healthcare,Biotechnology,EUR,194351392.0
INDXA.MC,ESP,"Indexa Capital Group, S.A.",Financial Services,Asset Management,EUR,231026800.0
NXT.MC,ESP,"Nueva Expresión Textil, S.A.",Consumer Cyclical,Apparel Manufacturing,EUR,470492352.0
ETC.MC,ESP,"Energy Solar Tech, S.A.",Utilities,Utilities - Renewable,EUR,31291524.0
PSG.MC,ESP,"Prosegur Compañía de Seguridad, S.A.",Industrials,Security & Protection Services,EUR,1531603072.0
INF1T.TL,EST,AS Infortar,Financial Services,Asset Management,EUR,1323301120.0
TAL1T.TL,EST,AS Tallink Grupp,Industrials,Marine Shipping,EUR,482217760.0
TKM1T.TL,EST,TKM Grupp AS,Consumer Cyclical,Department Stores,EUR,367784672.0
TVE1T.TL,EST,AS Tallinna Vesi,Utilities,Utilities - Regulated Water,EUR,217000000.0
LVN1T.TL,EST,Liven AS,Real Estate,Real Estate - Development,EUR,44275804.0
PRF1T.TL,EST,AS PRFoods,Consumer Defensive,Farm Products,EUR,2087630.0
LHV1T.TL,EST,AS LHV Group,Financial Services,Banks - Regional,EUR,1070109952.0
MRK1T.TL,EST,AS Merko Ehitus,Industrials,Engineering & Construction,EUR,480555008.0
SFG1T.TL,EST,AS Silvano Fashion Group,Consumer Cyclical,Apparel Manufacturing,EUR,38880000.0
PKG1T.TL,EST,AS Pro Kapital Grupp,Real Estate,Real Estate - Diversified,EUR,36563728.0
CPA1T.TL,EST,Coop Pank AS,Financial Services,Banks - Regional,EUR,242470448.0
TSM1T.TL,EST,AS Tallinna Sadam,Industrials,Marine Shipping,EUR,317704000.0
SKN1T.TL,EST,Nordic Fibreboard AS,Consumer Cyclical,"Furnishings, Fixtures & Appliances",EUR,4546998.0
ARC1T.TL,EST,Arco Vara AS,Real Estate,Real Estate - Development,EUR,18584154.0
HAE1T.TL,EST,AS Harju Elekter Group,Industrials,Electrical Equipment & Parts,EUR,96986392.0
HPR1T.TL,EST,Hepsor AS,Real Estate,Real Estate - Development,EUR,17293348.0
NCN1T.TL,EST,Nordecon AS,Industrials,Engineering & Construction,EUR,17039228.0
TPD1T.TL,EST,AS Trigon Property Development,Real Estate,Real Estate - Development,EUR,2564464.0
NDA-FI.HE,FIN,Nordea Bank Abp,Financial Services,Banks - Regional,EUR,57914408960.0
NOKIA.HE,FIN,Nokia Oyj,Technology,Communication Equipment,EUR,52951982080.0
KNEBV.HE,FIN,KONE Oyj,Industrials,Specialty Industrial Machinery,EUR,26225152000.0
NESTE.HE,FIN,Neste Oyj,Energy,Oil & Gas Refining & Marketing,EUR,24600412160.0
FORTUM.HE,FIN,Fortum Oyj,Utilities,Utilities - Renewable,EUR,21247221760.0
UPM.HE,FIN,UPM-Kymmene Oyj,Basic Materials,Paper & Paper Products,EUR,13030176768.0
ORNAV.HE,FIN,Orion Oyj,Healthcare,Drug Manufacturers - General,EUR,11444064256.0
KESKOB.HE,FIN,Kesko Oyj,Consumer Defensive,Grocery Stores,EUR,9122037760.0
STEAV.HE,FIN,Stora Enso Oyj,Consumer Cyclical,Packaging & Containers,EUR,7925630976.0
ELISA.HE,FIN,Elisa Oyj,Communication Services,Telecom Services,EUR,5848122880.0
LUMO.HE,FIN,Lumo Kodit Oyj,Real Estate,Real Estate Services,EUR,1848381312.0
SAMPO.HE,FIN,Sampo Oyj,Financial Services,Insurance - Diversified,EUR,23352449024.0
IQMX.HE,FIN,IQM Quantum Computers Oyj,Technology,Computer Hardware,EUR,4358007296.0
WRT1V.HE,FIN,Wärtsilä Oyj Abp,Industrials,Specialty Industrial Machinery,EUR,17326764032.0
KEMIRA.HE,FIN,Kemira Oyj,Basic Materials,Chemicals,EUR,2442411776.0
ORNBV.HE,FIN,Orion Oyj,Healthcare,Drug Manufacturers - General,EUR,11404746752.0
KESKOA.HE,FIN,Kesko Oyj,Consumer Defensive,Grocery Stores,EUR,8783447040.0
STERV.HE,FIN,Stora Enso Oyj,Consumer Cyclical,Packaging & Containers,EUR,7878313472.0
ALMA.HE,FIN,Alma Media Oyj,Communication Services,Publishing,EUR,1090102016.0
CTY1S.HE,FIN,Citycon Oyj,Real Estate,Real Estate - Diversified,EUR,536939328.0
MANTA.HE,FIN,Mandatum Oyj,Financial Services,Financial Conglomerates,EUR,3044431360.0
VAIAS.HE,FIN,Vaisala Oyj,Technology,Scientific & Technical Instruments,EUR,2187883520.0
METSO.HE,FIN,Metso Oyj,Industrials,Farm & Heavy Construction Machinery,EUR,13937149952.0
OUT1V.HE,FIN,Outokumpu Oyj,Basic Materials,Steel,EUR,2375743744.0
TTALO.HE,FIN,Terveystalo Oyj,Healthcare,Medical Care Facilities,EUR,949802880.0
SANOMA.HE,FIN,Sanoma Oyj,Consumer Defensive,Education & Training Services,EUR,1608424576.0
HUH1V.HE,FIN,Huhtamäki Oyj,Consumer Cyclical,Packaging & Containers,EUR,2803130880.0
REMEDY.HE,FIN,Remedy Entertainment Oyj,Communication Services,Electronic Gaming & Multimedia,EUR,239735552.0
CITYVA.HE,FIN,Cityvarasto Oyj,Real Estate,Real Estate Services,EUR,104635424.0
AKTIA.HE,FIN,Aktia Pankki Oyj,Financial Services,Banks - Regional,EUR,941737088.0
TIETO.HE,FIN,Tieto Oyj,Technology,Information Technology Services,EUR,1988814848.0
KCR.HE,FIN,Konecranes Plc,Industrials,Farm & Heavy Construction Machinery,EUR,7309892608.0
PAMPALO.HE,FIN,Endomines Finland Oyj,Basic Materials,Gold,EUR,370118624.0
REG1V.HE,FIN,Revenio Group Oyj,Healthcare,Medical Devices,EUR,367641088.0
OLVAS.HE,FIN,Olvi Oyj,Consumer Defensive,Beverages - Brewers,EUR,630400576.0
TYRES.HE,FIN,Nokian Renkaat Oyj,Consumer Cyclical,Auto Parts,EUR,2060643584.0
KSL.HE,FIN,Keskisuomalainen Oyj,Communication Services,Publishing,EUR,100154120.0
ASUNTO.HE,FIN,Asuntosalkku Oyj,Real Estate,Real Estate Services,EUR,71701192.0
ALBAV.HE,FIN,Ålandsbanken Abp,Financial Services,Banks - Regional,EUR,688268864.0
BITTI.HE,FIN,Bittium Oyj,Technology,Communication Equipment,EUR,1377449856.0
VALMT.HE,FIN,Valmet Oyj,Industrials,Specialty Industrial Machinery,EUR,5084809216.0
KOSKI.HE,FIN,Koskisen Oyj,Basic Materials,Lumber & Wood Production,EUR,197092592.0
PIHLIS.HE,FIN,Pihlajalinna Oyj,Healthcare,Medical Care Facilities,EUR,235686352.0
ATRAV.HE,FIN,Atria Oyj,Consumer Defensive,Packaged Foods,EUR,442012704.0
METSA.HE,FIN,Metsä Board Oyj,Consumer Cyclical,Packaging & Containers,EUR,1456122880.0
ILKKA.HE,FIN,Ilkka Oyj,Communication Services,Publishing,EUR,96050640.0
TOIVO.HE,FIN,Toivo Group Oyj,Real Estate,Real Estate - Diversified,EUR,51877420.0
ALBBV.HE,FIN,Ålandsbanken Abp,Financial Services,Banks - Regional,EUR,651232000.0
QTCOM.HE,FIN,Qt Group Oyj,Technology,Software - Application,EUR,858730752.0
HIAB.HE,FIN,Hiab Oyj,Industrials,Farm & Heavy Construction Machinery,EUR,3716994304.0
CANATU.HE,FIN,Canatu Oyj,Basic Materials,Specialty Chemicals,EUR,191499776.0
ORIOLA.HE,FIN,Oriola Oyj,Healthcare,Pharmaceutical Retailers,EUR,150159776.0
TOKMAN.HE,FIN,Tokmanni Group Oyj,Consumer Defensive,Discount Stores,EUR,390591168.0
PUUILO.HE,FIN,Puuilo Oyj,Consumer Cyclical,Department Stores,EUR,1406252416.0
REBL.HE,FIN,Rebl Group Oyj,Communication Services,Publishing,EUR,12329600.0
OVARO.HE,FIN,Ovaro Kiinteistösijoitus Oyj,Real Estate,Real Estate Services,EUR,22611086.0
EVLI.HE,FIN,Evli Oyj,Financial Services,Asset Management,EUR,625043648.0
FSECURE.HE,FIN,F-Secure Oyj,Technology,Software - Infrastructure,EUR,253334240.0
KALMAR.HE,FIN,Kalmar Oyj,Industrials,Farm & Heavy Construction Machinery,EUR,2390820096.0
SFOODS.HE,FIN,Solar Foods Oyj,Basic Materials,Specialty Chemicals,EUR,146035936.0
FARON.HE,FIN,Faron Pharmaceuticals Oy,Healthcare,Biotechnology,EUR,81761168.0
RAIKV.HE,FIN,Raisio plc,Consumer Defensive,Packaged Foods,EUR,355964160.0
METSB.HE,FIN,Metsä Board Oyj,Consumer Cyclical,Packaging & Containers,EUR,1134355328.0
INVEST.HE,FIN,Investors House Oyj,Real Estate,Real Estate Services,EUR,18249988.0
OMASP.HE,FIN,Oma Säästöpankki Oyj,Financial Services,Banks - Regional,EUR,571088320.0
ICP1V.HE,FIN,Incap Oyj,Technology,Electronic Components,EUR,250823376.0
GRK.HE,FIN,GRK Infra Oyj,Industrials,Infrastructure Operations,EUR,1133812352.0
EXEL.HE,FIN,Exel Composites Oyj,Basic Materials,Specialty Chemicals,EUR,113773240.0
HEALTH.HE,FIN,Nightingale Health Oyj,Healthcare,Health Information Services,EUR,72433200.0
RAIVV.HE,FIN,Raisio plc,Consumer Defensive,Packaged Foods,EUR,352849088.0
FSKRS.HE,FIN,Fiskars Oyj Abp,Consumer Cyclical,"Furnishings, Fixtures & Appliances",EUR,1023457216.0
EQV1V.HE,FIN,eQ Oyj,Financial Services,Asset Management,EUR,366039648.0
GOFORE.HE,FIN,Gofore Oyj,Technology,Information Technology Services,EUR,175360128.0
YIT.HE,FIN,YIT Oyj,Industrials,Engineering & Construction,EUR,1009393728.0
LAPWALL.HE,FIN,LapWall Oyj,Basic Materials,Lumber & Wood Production,EUR,67688912.0
NANOFH.HE,FIN,Nanoform Finland Oyj,Healthcare,Biotechnology,EUR,71348040.0
ANORA.HE,FIN,Anora Group Oyj,Consumer Defensive,Beverages - Wineries & Distilleries,EUR,254001632.0
HARVIA.HE,FIN,Harvia Oyj,Consumer Cyclical,Leisure,EUR,790471104.0
CAPMAN.HE,FIN,CapMan Oyj,Financial Services,Asset Management,EUR,308998112.0
REAKTOR.HE,FIN,Reaktor Group Plc,Technology,Software - Application,EUR,173144464.0
FIA1S.HE,FIN,Finnair Oyj,Industrials,Airlines,EUR,916089088.0
AFAGR.HE,FIN,Afarak Group SE,Basic Materials,Other Industrial Metals & Mining,EUR,59337868.0
NXTMH.HE,FIN,Nexstim Plc,Healthcare,Medical Devices,EUR,68008016.0
HKFOODS.HE,FIN,HKFoods Oyj,Consumer Defensive,Packaged Foods,EUR,146912448.0
FRAMERY.HE,FIN,Framery Group Oyj,Consumer Cyclical,"Furnishings, Fixtures & Appliances",EUR,522016896.0
UNITED.HE,FIN,United Bankers Oyj,Financial Services,Asset Management,EUR,233068208.0
TEM1V.HE,FIN,Tecnotree Oyj,Technology,Software - Application,EUR,139274592.0
SCANFL.HE,FIN,Scanfil Oyj,Industrials,Specialty Industrial Machinery,EUR,868137664.0
BETOLAR.HE,FIN,Betolar Oyj,Basic Materials,Building Materials,EUR,19367678.0
MODU.HE,FIN,Modulight Oyj,Healthcare,Medical Devices,EUR,43335716.0
APETIT.HE,FIN,Apetit Oyj,Consumer Defensive,Packaged Foods,EUR,79354784.0
MUSTI.HE,FIN,Musti Group Oyj,Consumer Cyclical,Personal Services,EUR,470769248.0
TAALA.HE,FIN,Taaleri Oyj,Financial Services,Asset Management,EUR,207323808.0
ADMCM.HE,FIN,Admicom Oyj,Technology,Software - Application,EUR,135998544.0
PON1V.HE,FIN,Ponsse Oyj,Industrials,Farm & Heavy Construction Machinery,EUR,612803520.0
HRTIS.HE,FIN,Herantis Pharma Oyj,Healthcare,Biotechnology,EUR,36204216.0
SUY1V.HE,FIN,Suominen Oyj,Consumer Defensive,Household & Personal Products,EUR,74229224.0
MEKKO.HE,FIN,Marimekko Oyj,Consumer Cyclical,Apparel Manufacturing,EUR,374996384.0
ALEX.HE,FIN,Alexandria Group Oyj,Financial Services,Asset Management,EUR,136537312.0
DIGIA.HE,FIN,Digia Oyj,Technology,Information Technology Services,EUR,134538368.0
OR.PA,FRA,L'Oréal S.A.,Consumer Defensive,Household & Personal Products,EUR,199010811904.0
MC.PA,FRA,"LVMH Moët Hennessy - Louis Vuitton, Société Européenne",Consumer Cyclical,Luxury Goods,EUR,187400716288.0
TTE.PA,FRA,TotalEnergies SE,Energy,Oil & Gas Integrated,EUR,166266994688.0
SU.PA,FRA,Schneider Electric S.E.,Industrials,Specialty Industrial Machinery,EUR,156794880000.0
AI.PA,FRA,L'Air Liquide S.A.,Basic Materials,Specialty Chemicals,EUR,111091580928.0
BNP.PA,FRA,BNP Paribas SA,Financial Services,Banks - Regional,EUR,99681198080.0
SAN.PA,FRA,Sanofi,Healthcare,Drug Manufacturers - General,EUR,85721825280.0
ENGI.PA,FRA,Engie SA,Utilities,Utilities - Diversified,EUR,57900457984.0
ORA.PA,FRA,Orange S.A.,Communication Services,Telecom Services,EUR,37341728768.0
DSY.PA,FRA,Dassault Systèmes SE,Technology,Software - Application,EUR,27726540800.0
URW.PA,FRA,Unibail-Rodamco-Westfield SE,Real Estate,REIT - Retail,EUR,12723708928.0
BN.PA,FRA,Danone S.A.,Consumer Defensive,Packaged Foods,EUR,37679587328.0
RMS.PA,FRA,Hermès International Société en commandite par actions,Consumer Cyclical,Luxury Goods,EUR,133807308800.0
GTT.PA,FRA,Gaztransport & Technigaz SA,Energy,Oil & Gas Equipment & Services,EUR,7905181184.0
SAF.PA,FRA,Safran SA,Industrials,Aerospace & Defense,EUR,137075515392.0
VK.PA,FRA,Vallourec S.A.,Basic Materials,Steel,EUR,4789874688.0
CS.PA,FRA,AXA SA,Financial Services,Insurance - Diversified,EUR,88301289472.0
EL.PA,FRA,EssilorLuxottica Société anonyme,Healthcare,Medical Instruments & Supplies,EUR,66446839808.0
ELEC.PA,FRA,Électricite de Strasbourg Société Anonyme,Utilities,Utilities - Renewable,EUR,1108387072.0
PUB.PA,FRA,Publicis Groupe S.A.,Communication Services,Advertising Agencies,EUR,23448809472.0
CAP.PA,FRA,Capgemini SE,Technology,Information Technology Services,EUR,17820336128.0
LI.PA,FRA,Klépierre SA,Real Estate,REIT - Retail,EUR,9894370304.0
RI.PA,FRA,Pernod Ricard SA,Consumer Defensive,Beverages - Wineries & Distilleries,EUR,14786493440.0
KER.PA,FRA,Kering SA,Consumer Cyclical,Luxury Goods,EUR,25590396928.0
TE.PA,FRA,Technip Energies N.V.,Energy,Oil & Gas Equipment & Services,EUR,4849757184.0
DG.PA,FRA,Vinci SA,Industrials,Engineering & Construction,EUR,58577588224.0
AKE.PA,FRA,Arkema S.A.,Basic Materials,Specialty Chemicals,EUR,4107302912.0
ACA.PA,FRA,Crédit Agricole S.A.,Financial Services,Banks - Regional,EUR,50778116096.0
DIM.PA,FRA,Sartorius Stedim Biotech S.A.,Healthcare,Medical Instruments & Supplies,EUR,20022796288.0
VLTSA.PA,FRA,Voltalia SA,Utilities,Utilities - Renewable,EUR,593972672.0
BOL.PA,FRA,Bolloré SE,Communication Services,Entertainment,EUR,10508591104.0
RXL.PA,FRA,Rexel S.A.,Technology,Electronics & Computer Distribution,EUR,10733323264.0
COV.PA,FRA,Covivio,Real Estate,REIT - Diversified,EUR,4796589568.0
CA.PA,FRA,Carrefour SA,Consumer Defensive,Grocery Stores,EUR,10964466688.0
AC.PA,FRA,Accor SA,Consumer Cyclical,Lodging,EUR,10105175040.0
ODET.PA,FRA,Compagnie de l'Odet,Energy,Oil & Gas Midstream,EUR,4323872768.0
HO.PA,FRA,Thales S.A.,Industrials,Aerospace & Defense,EUR,46375804928.0
VCT.PA,FRA,Vicat S.A.,Basic Materials,Building Materials,EUR,2600356352.0
GLE.PA,FRA,Société Générale Société anonyme,Financial Services,Banks - Regional,EUR,47277813760.0
IPN.PA,FRA,Ipsen S.A.,Healthcare,Drug Manufacturers - Specialty & Generic,EUR,11666166784.0
ARVEN.PA,FRA,Arverne Group S.A.,Utilities,Utilities - Renewable,EUR,262832384.0
DEC.PA,FRA,JCDecaux SE,Communication Services,Advertising Agencies,EUR,5212302336.0
SOI.PA,FRA,Soitec SA,Technology,Semiconductor Equipment & Materials,EUR,6045483008.0
GFC.PA,FRA,Gecina,Real Estate,REIT - Office,EUR,4431923200.0
LOUP.PA,FRA,L.D.C. S.A.,Consumer Defensive,Farm Products,EUR,3603702528.0
RNO.PA,FRA,Renault SA,Consumer Cyclical,Auto Manufacturers,EUR,7196717056.0
RUI.PA,FRA,Rubis,Energy,Oil & Gas Refining & Marketing,EUR,3590592000.0
LR.PA,FRA,Legrand SA,Industrials,Electrical Equipment & Parts,EUR,37429821440.0
NK.PA,FRA,Imerys S.A.,Basic Materials,Specialty Chemicals,EUR,1887844480.0
AMUN.PA,FRA,Amundi S.A.,Financial Services,Asset Management,EUR,17816487936.0
BIM.PA,FRA,bioMérieux S.A.,Healthcare,Diagnostics & Research,EUR,9047079936.0
ALESE.PA,FRA,Entech SA,Utilities,Utilities - Renewable,EUR,142446768.0
ETL.PA,FRA,Eutelsat Communications S.A.,Communication Services,Telecom Services,EUR,1825032320.0
SOP.PA,FRA,Sopra Steria Group SA,Technology,Information Technology Services,EUR,3130694912.0
COVH.PA,FRA,Covivio Hotels,Real Estate,REIT - Hotel & Motel,EUR,3175446528.0
ITP.PA,FRA,Interparfums SA,Consumer Defensive,Household & Personal Products,EUR,2633213952.0
FDJU.PA,FRA,FDJ United,Consumer Cyclical,Gambling,EUR,3812405760.0
MAU.PA,FRA,Etablissements Maurel & Prom S.A.,Energy,Oil & Gas E&P,EUR,1567366912.0
SGO.PA,FRA,Compagnie de Saint-Gobain S.A.,Industrials,Building Products & Equipment,EUR,32700604416.0
RBT.PA,FRA,Robertet SA,Basic Materials,Chemicals,EUR,1569292032.0
EDEN.PA,FRA,Edenred SE,Financial Services,Credit Services,EUR,6256516608.0
ABVX.PA,FRA,ABIVAX Société Anonyme,Healthcare,Biotechnology,EUR,7256627712.0
ALHAF.PA,FRA,Haffner Energy S.A.,Utilities,Utilities - Renewable,EUR,136809680.0
VIV.PA,FRA,Vivendi SE,Communication Services,Electronic Gaming & Multimedia,EUR,1418132992.0
ATE.PA,FRA,Alten S.A.,Technology,Information Technology Services,EUR,2664056320.0
CARM.PA,FRA,Carmila S.A.,Real Estate,REIT - Retail,EUR,1953431680.0
BB.PA,FRA,Société BIC SA,Consumer Defensive,Household & Personal Products,EUR,2627610880.0
FR.PA,FRA,Valeo SE,Consumer Cyclical,Auto Parts,EUR,3416525568.0
NAE.PA,FRA,North Atlantic Energies,Energy,Oil & Gas Refining & Marketing,EUR,1072071936.0
VIE.PA,FRA,Veolia Environnement SA,Industrials,Waste Management,EUR,22781427712.0
CBE.PA,FRA,Robertet SA,Basic Materials,Chemicals,EUR,1313337984.0
CBDG.PA,FRA,Compagnie du Cambodge,Financial Services,Asset Management,EUR,5706594304.0
VIRP.PA,FRA,Virbac SA,Healthcare,Drug Manufacturers - General,EUR,2598303488.0
HDF.PA,FRA,Hydrogène de France Société anonyme,Utilities,Utilities - Renewable,EUR,29085912.0
MMT.PA,FRA,Métropole Télévision S.A.,Communication Services,Broadcasting,EUR,1291632896.0
ARTO.PA,FRA,Société Industrielle et Financière de l'Artois Société anonyme,Technology,Computer Hardware,EUR,2435729920.0
ALTA.PA,FRA,Altarea SCA,Real Estate,REIT - Residential,EUR,1875054976.0
RCO.PA,FRA,Rémy Cointreau SA,Consumer Defensive,Beverages - Wineries & Distilleries,EUR,2196246272.0
SK.PA,FRA,SEB SA,Consumer Cyclical,"Furnishings, Fixtures & Appliances",EUR,2889152000.0
VIRI.PA,FRA,Viridien Société anonyme,Energy,Oil & Gas Equipment & Services,EUR,599940288.0
AM.PA,FRA,Dassault Aviation société anonyme,Industrials,Aerospace & Defense,EUR,21912283136.0
ERA.PA,FRA,ERAMET S.A.,Basic Materials,Other Industrial Metals & Mining,EUR,1284461824.0
SCR.PA,FRA,SCOR SE,Financial Services,Insurance - Reinsurance,EUR,5674349568.0
EMEIS.PA,FRA,emeis Société anonyme,Healthcare,Medical Care Facilities,EUR,1595061888.0
ALMIN.PA,FRA,MINT Société anonyme,Utilities,Utilities - Renewable,EUR,27356934.0
TFI.PA,FRA,TF1 SA,Communication Services,Broadcasting,EUR,1241897600.0
OVH.PA,FRA,OVH Groupe S.A.,Technology,Software - Infrastructure,EUR,2434251520.0
ARG.PA,FRA,Argan SA,Real Estate,REIT - Industrial,EUR,1712805888.0
SAVE.PA,FRA,Savencia SA,Consumer Defensive,Packaged Foods,EUR,727571072.0
MMB.PA,FRA,Lagardere SA,Consumer Cyclical,Specialty Retail,EUR,2577673984.0
FDE.PA,FRA,La Française de l'Energie S.A.,Energy,Oil & Gas E&P,EUR,94617776.0
EN.PA,FRA,Bouygues SA,Industrials,Engineering & Construction,EUR,15515816960.0
EXPL.PA,FRA,EPC Groupe,Basic Materials,Specialty Chemicals,EUR,573141312.0
MF.PA,FRA,Wendel,Financial Services,Asset Management,EUR,2989614592.0
NANO.PA,FRA,Nanobiotix S.A.,Healthcare,Biotechnology,EUR,1238359936.0
MLBSP.PA,FRA,Blue Shark Power System,Utilities,Utilities - Renewable,EUR,21450000.0
UBI.PA,FRA,Ubisoft Entertainment SA,Communication Services,Electronic Gaming & Multimedia,EUR,693868672.0
VU.PA,FRA,Vusion S.A.,Technology,Software - Application,EUR,2147073280.0
ICAD.PA,FRA,Icade,Real Estate,REIT - Diversified,EUR,1131459456.0
SBT.PA,FRA,Oeneo SA,Consumer Defensive,Beverages - Wineries & Distilleries,EUR,553761472.0
EUROB.AT,GRC,Eurobank S.A.,Financial Services,Banks - Regional,EUR,16666778624.0
PPC.AT,GRC,Public Power Corporation S.A.,Utilities,Utilities - Renewable,EUR,13532873728.0
HTO.AT,GRC,Hellenic Telecommunications Organization S.A.,Communication Services,Telecom Services,EUR,7941555200.0
MOH.AT,GRC,Motor Oil (Hellas) Corinth Refineries S.A.,Energy,Oil & Gas Refining & Marketing,EUR,7375514112.0
GEKTERNA.AT,GRC,Gek Terna S.A.,Industrials,Engineering & Construction,EUR,4439818752.0
BELA.AT,GRC,Jumbo S.A.,Consumer Cyclical,Specialty Retail,EUR,3377950208.0
KARE.AT,GRC,Karelia Tobacco Company Inc.,Consumer Defensive,Tobacco,EUR,1153680000.0
LAMDA.AT,GRC,LAMDA Development S.A.,Real Estate,Real Estate - Development,EUR,1061030016.0
QUEST.AT,GRC,Quest Holdings S.A.,Technology,Electronics & Computer Distribution,EUR,810221760.0
PLAKR.AT,GRC,Plastika Kritis S.A.,Basic Materials,Specialty Chemicals,EUR,421639680.0
LAVI.AT,GRC,Lavipharm S.A.,Healthcare,Drug Manufacturers - Specialty & Generic,EUR,267780656.0
ETE.AT,GRC,National Bank of Greece S.A.,Financial Services,Banks - Regional,EUR,15252313088.0
MTLN.AT,GRC,Metlen Energy & Metals PLC,Utilities,Utilities - Diversified,EUR,7021510656.0
AEM.AT,GRC,Alter Ego Media S.A.,Communication Services,Advertising Agencies,EUR,387546080.0
ELPE.AT,GRC,HELLENiQ ENERGY Holdings S.A.,Energy,Oil & Gas Refining & Marketing,EUR,5547940352.0
AIA.AT,GRC,Athens International Airport S.A.,Industrials,Airports & Air Services,EUR,3867228928.0
BYLOT.AT,GRC,Bally's Intralot S.A.,Consumer Cyclical,Gambling,EUR,2048062336.0
KRI.AT,GRC,Kri-Kri Milk Industry S.A.,Consumer Defensive,Packaged Foods,EUR,1072600640.0
PRODEA.AT,GRC,Prodea Real Estate Investment Company Société Anonyme,Real Estate,REIT - Office,EUR,801793472.0
QLCO.AT,GRC,Qualco Group S.A.,Technology,Software - Application,EUR,416677344.0
ALMY.AT,GRC,Alumil Aluminium Industry S.A.,Basic Materials,Aluminum,EUR,182813152.0
IATR.AT,GRC,Athens Medical C.S.A.,Healthcare,Medical Care Facilities,EUR,130103976.0
TPEIR.AT,GRC,Piraeus Bank S.A.,Financial Services,Banks - Regional,EUR,12615710720.0
ADMIE.AT,GRC,Admie Holding S.A.,Utilities,Utilities - Independent Power Producers,EUR,1560316032.0
AVE.AT,GRC,AVE S.A.,Communication Services,Entertainment,EUR,81952592.0
ELIN.AT,GRC,Elinoil Hellenic Petroleum Company S.A.,Energy,Oil & Gas Refining & Marketing,EUR,47306524.0
SBLK.AT,GRC,Star Bulk,Industrials,Marine Shipping,EUR,3143213056.0
LAMPS.AT,GRC,Lampsa Hellenic Hotels S.A.,Consumer Cyclical,Lodging,EUR,969925632.0
SAR.AT,GRC,Gr. Sarantis S.A.,Consumer Defensive,Household & Personal Products,EUR,738920000.0
TRASTOR.AT,GRC,Trastor Real Estate Investment Company SA,Real Estate,REIT - Diversified,EUR,366316384.0
INTEK.AT,GRC,Ideal Holdings S.A.,Technology,Electronics & Computer Distribution,EUR,289264608.0
DAIOS.AT,GRC,Daios Plastics S.A.,Basic Materials,Specialty Chemicals,EUR,111000000.0
MEDIC.AT,GRC,Medicon Hellas S.A.,Healthcare,Drug Manufacturers - Specialty & Generic,EUR,13170456.0
ALPHA.AT,GRC,Alpha Bank S.A.,Financial Services,Banks - Diversified,EUR,10164375552.0
EYDAP.AT,GRC,Athens Water Supply and Sewerage Company S.A.,Utilities,Utilities - Regulated Water,EUR,1301430016.0
ATEK.AT,GRC,Attica Publications S.A.,Communication Services,Publishing,EUR,15606000.0
REVOIL.AT,GRC,Revoil S.A.,Energy,Oil & Gas Refining & Marketing,EUR,42208648.0
AKTR.AT,GRC,Aktor Societe Anonyme Holding Company Technical and Energy Projects,Industrials,Engineering & Construction,EUR,2481392128.0
OTOEL.AT,GRC,Autohellas S.A.,Consumer Cyclical,Auto & Truck Dealerships,EUR,515568672.0
PAP.AT,GRC,Papoutsanis S.A.,Consumer Defensive,Household & Personal Products,EUR,92947968.0
NOVAL.AT,GRC,Noval Property Real Estate Investment Company,Real Estate,REIT - Diversified,EUR,311298944.0
REALCONS.AT,GRC,Real Consulting S.A.,Technology,Information Technology Services,EUR,260711776.0
MEVA.AT,GRC,Mevaco S.A.,Basic Materials,Steel,EUR,62790000.0
VIDAVO.AT,GRC,Vidavo S.A.,Healthcare,Health Information Services,EUR,10940979.0
OPTIMA.AT,GRC,Optima bank S.A.,Financial Services,Banks - Regional,EUR,3265550336.0
EYAPS.AT,GRC,Thessaloniki Water Supply & Sewerage Co S.A.,Utilities,Utilities - Regulated Water,EUR,153004512.0
ELHA.AT,GRC,Elvalhalcor Hellenic Copper and Aluminium Industry S.A.,Industrials,Metal Fabrication,EUR,1657545216.0
PLAT.AT,GRC,Thrace Plastics Holding Company S.A.,Consumer Cyclical,Textile Manufacturing,EUR,210794336.0
KYLO.AT,GRC,Loulis Food Ingredients S.A.,Consumer Defensive,Packaged Foods,EUR,57217528.0
DIMAND.AT,GRC,Dimand S.A.,Real Estate,Real Estate Services,EUR,258514080.0
PROF.AT,GRC,Profile Systems & Software SA,Technology,Software - Application,EUR,252103600.0
ELSTR.AT,GRC,Elastron S.A. - Steel Service Centers,Basic Materials,Steel,EUR,48268384.0
CREDIA.AT,GRC,CrediaBank S.A.,Financial Services,Banks - Regional,EUR,1943746304.0
PPA.AT,GRC,Piraeus Port Authority S.A.,Industrials,Marine Shipping,EUR,1200000000.0
FOYRK.AT,GRC,Fourlis Holdings S.A.,Consumer Cyclical,Specialty Retail,EUR,198548048.0
EVROF.AT,GRC,Evrofarma SA,Consumer Defensive,Packaged Foods,EUR,53075820.0
TRESTATES.AT,GRC,Trade Estates REIC,Real Estate,REIT - Office,EUR,237923792.0
INTRK.AT,GRC,Intracom Holdings S.A.,Technology,Communication Equipment,EUR,243137712.0
ELTON.AT,GRC,Elton International Trading Company S.A.,Basic Materials,Chemicals,EUR,46507264.0
EXAE.AT,GRC,Euronext Athens Holding S.A.,Financial Services,Financial Data & Stock Exchanges,EUR,571558016.0
AEGN.AT,GRC,Aegean Airlines S.A.,Industrials,Airlines,EUR,997584896.0
ADPS.AT,GRC,Attica Department Stores S.A.,Consumer Cyclical,Department Stores,EUR,171460560.0
KYSA.AT,GRC,Flour Mills C. Sarantopoulos S.A.,Consumer Defensive,Packaged Foods,EUR,6648507.0
BLEKEDROS.AT,GRC,Ble Kedros REIC,Real Estate,REIT - Hotel & Motel,EUR,187778816.0
PERF.AT,GRC,Performance Technologies S.A.,Technology,Information Technology Services,EUR,138673920.0
SIDMA.AT,GRC,Sidma Steel S.A.,Basic Materials,Steel,EUR,35992896.0
TELL.AT,GRC,Bank of Greece,Financial Services,Banks - Regional,EUR,295986784.0
AVAX.AT,GRC,Avax S.A.,Industrials,Engineering & Construction,EUR,500828192.0
FAIS.AT,GRC,Fais Holding Societe Anonyme,Consumer Cyclical,Specialty Retail,EUR,142241264.0
PREMIA.AT,GRC,Premia Real Estate Investment Company Societe Anonyme,Real Estate,Real Estate - Development,EUR,163149488.0
DOTSOFT.AT,GRC,DOTSOFT SA,Technology,Information Technology Services,EUR,100464000.0
XYLEK.AT,GRC,Interwood-Xylemporia A.T.E.N.E.,Basic Materials,Lumber & Wood Production,EUR,15501297.0
EVR.AT,GRC,Evropi Holdings Societe Anonyme,Financial Services,Insurance Brokers,EUR,248054848.0
ELLAKTOR.AT,GRC,Ellaktor S.A.,Industrials,Engineering & Construction,EUR,439109824.0
MODA.AT,GRC,N. Varveris-Moda Bagno S.A.,Consumer Cyclical,"Furnishings, Fixtures & Appliances",EUR,133551000.0
BRIQ.AT,GRC,BriQ Properties Real Estate Investment Company,Real Estate,REIT - Office,EUR,159793792.0
ILYDA.AT,GRC,Ilyda SA,Technology,Software - Application,EUR,60678156.0
SPIR.AT,GRC,The House of Agriculture Spiroy S.A.,Basic Materials,Agricultural Inputs,EUR,10140483.0
INLIF.AT,GRC,Interlife General Insurance Company S.A.,Financial Services,Insurance - Diversified,EUR,138206224.0
OLTH.AT,GRC,Thessaloniki Port Authority Societe Anonyme,Industrials,Marine Shipping,EUR,403200000.0
FLEXO.AT,GRC,Flexopack Société Anonyme Commercial and Industrial Plastics Company,Consumer Cyclical,Packaging & Containers,EUR,95436592.0
ORILINA.AT,GRC,Orilina Properties REIC S.A.,Real Estate,Real Estate Services,EUR,124647800.0
SPACE.AT,GRC,Space Hellas S.A.,Technology,Software - Application,EUR,52168760.0
KORDE.AT,GRC,Kordellos Ch. Bros S.A.,Basic Materials,Steel,EUR,8977896.0
CENTR.AT,GRC,Centric Holdings S.A.,Financial Services,Asset Management,EUR,26505580.0
ATTICA.AT,GRC,Attica Holdings S.A.,Industrials,Marine Shipping,EUR,352588096.0
MOTO.AT,GRC,Emporiki Eisagogiki Aftokiniton Ditrohon kai Mihanon Thalassis Societe Anonyme,Consumer Cyclical,Auto & Truck Dealerships,EUR,70369504.0
ONYX.AT,GRC,Onyx Touristiki Societe Anonyme,Real Estate,Real Estate - Diversified,EUR,108904344.0
QUAL.AT,GRC,Quality & Reliability A.B.E.E.,Technology,Software - Application,EUR,44779460.0
PROFK.AT,GRC,Pipe Works L. Girakian Profil S.A.,Basic Materials,Steel,EUR,6248400.0
CNLCAP.AT,GRC,Cnl Capital E.K.E.S. - AIFM,Financial Services,Asset Management,EUR,5471131.0
EKTER.AT,GRC,Ekter SA,Industrials,Engineering & Construction,EUR,133374960.0
ASCO.AT,GRC,AS Commercial Industrial Company of Computers and Toys S.A.,Consumer Cyclical,Leisure,EUR,58732380.0
MIG.AT,GRC,MIG Holdings S.A.,Real Estate,Real Estate Services,EUR,102364000.0
EIS.AT,GRC,European Innovation Solutions S.A.,Technology,Information Technology Services,EUR,28510646.0
MATHIO.AT,GRC,Mathios Refractories S.A.,Basic Materials,Building Materials,EUR,6088009.0
OLYMP.AT,GRC,Technical Olympic S.A.,Industrials,Marine Shipping,EUR,90802184.0
YKNOT.AT,GRC,Y/Knot Invest S.A.,Consumer Cyclical,Leisure,EUR,54115512.0
ASTAK.AT,GRC,Alpha Real Estate Services S.A.,Real Estate,Real Estate Services,EUR,101500000.0
SOFTWEB.AT,GRC,SOFTWeb Adaptive I.T. Solutions SA,Technology,Software - Application,EUR,17620796.0
OTP.BD,HUN,OTP Bank Nyrt.,Financial Services,Banks - Regional,HUF,10235995488256.0
MOL.BD,HUN,MOL Magyar Olaj- és Gázipari Nyilvánosan Muködo Részvénytársaság,Energy,Oil & Gas Refining & Marketing,HUF,3902588321792.0
4IG.BD,HUN,4iG Nyrt.,Communication Services,Telecom Services,HUF,459507630080.0
OPUS.BD,HUN,OPUS GLOBAL Nyrt.,Industrials,Conglomerates,HUF,134137044992.0
ALTEO.BD,HUN,ALTEO Energy Services Public Limited Company,Utilities,Utilities - Renewable,HUF,77571612672.0
BIF.BD,HUN,Budapesti Ingatlan Hasznosítási és Fejlesztési Nyrt.,Real Estate,REIT - Diversified,HUF,71288659968.0
ZWACK.BD,HUN,Zwack Unicum Likoripari és Kereskedelmi Nyilvánosan Muködo Részvénytársaság,Consumer Defensive,Beverages - Wineries & Distilleries,HUF,59200000000.0
RABA.BD,HUN,RÁBA Jármuipari Holding Nyrt.,Consumer Cyclical,Auto Parts,HUF,42728849408.0
DELTA.BD,HUN,Delta Group Nyilvánosan Mukodo Részvénytársaság,Technology,Information Technology Services,HUF,16469000192.0
NUTEX.BD,HUN,NUTEX Investments Public Limited Company,Healthcare,Drug Manufacturers - Specialty & Generic,HUF,2123013504.0
BET.BD,HUN,Budapesti Értéktozsde Nyilvánosan Muködo Részvénytársaság,Financial Services,Financial Data & Stock Exchanges,HUF,55217504256.0
ANY.BD,HUN,ANY Biztonsági Nyomda Nyrt.,Industrials,Specialty Business Services,HUF,89230925824.0
NAP.BD,HUN,NAP Nyilvánosan Muködo Részvénytársaság,Utilities,Utilities - Renewable,HUF,13075475456.0
AKKO.BD,HUN,AKKO Invest Nyrt.,Real Estate,Real Estate Services,HUF,11110540288.0
VVT.BD,HUN,ViVeTech Nyilvanosan Mukodo Reszvenytarsasag,Technology,Software - Application,HUF,3830109440.0
GLIA.BD,HUN,Glia Nova Zartkoruen Mukodo Reszvenytarsasag,Healthcare,Biotechnology,HUF,617676224.0
STRT.BD,HUN,STRT Holding Nyrt.,Financial Services,Asset Management,HUF,5839663616.0
DMKER.BD,HUN,DM-KER Nyilvánosan Muködo Részvénytársaság,Industrials,Industrial Distribution,HUF,3809673216.0
AMIXA.BD,HUN,Amixa Holding Nyilvánosan Muködo Részvénytársaság,Utilities,Utilities - Regulated Electric,HUF,2991402496.0
CHOME.BD,HUN,Chameleon Smart Home Zartkoruen Mukodo Reszvenytarsasag,Industrials,Electrical Equipment & Parts,HUF,1026195520.0
ENEFI.BD,HUN,ENEFI Vagyonkezelo Nyrt.,Utilities,Utilities - Renewable,HUF,1813420416.0
BBCA.JK,IDN,PT Bank Central Asia Tbk,Financial Services,Banks - Regional,IDR,758760800780288.0
DCII.JK,IDN,PT DCI Indonesia Tbk,Real Estate,Real Estate Services,IDR,463876936171520.0
BYAN.JK,IDN,PT Bayan Resources Tbk.,Energy,Thermal Coal,IDR,408333345357824.0
BREN.JK,IDN,PT Barito Renewables Energy Tbk,Utilities,Utilities - Renewable,IDR,394649579552768.0
AMMN.JK,IDN,PT Amman Mineral Internasional Tbk,Basic Materials,Other Precious Metals & Mining,IDR,304856275353600.0
MORA.JK,IDN,PT Mora Telematika Indonesia Tbk,Communication Services,Telecom Services,IDR,225971919650816.0
ASII.JK,IDN,PT Astra International Tbk,Industrials,Conglomerates,IDR,190019503390720.0
SRAJ.JK,IDN,PT Sejahteraraya Anugrahjaya Tbk,Healthcare,Medical Care Facilities,IDR,159106476277760.0
ICBP.JK,IDN,PT Indofood CBP Sukses Makmur Tbk,Consumer Defensive,Packaged Foods,IDR,79300975919104.0
MLPT.JK,IDN,PT Multipolar Technology Tbk,Technology,Information Technology Services,IDR,44062501502976.0
VKTR.JK,IDN,PT VKTR Teknologi Mobilitas Tbk,Consumer Cyclical,Recreational Vehicles,IDR,36093747527680.0
BBRI.JK,IDN,PT Bank Rakyat Indonesia (Persero) Tbk,Financial Services,Banks - Regional,IDR,466782280220672.0
MPRO.JK,IDN,PT Maha Properti Indonesia Tbk,Real Estate,Real Estate - Development,IDR,119310005567488.0
DSSA.JK,IDN,PT Dian Swastatika Sentosa Tbk,Energy,Thermal Coal,IDR,177168273375232.0
CDIA.JK,IDN,PT Chandra Daya Investasi TBK.,Utilities,Utilities - Regulated Electric,IDR,72978658230272.0
TPIA.JK,IDN,PT Chandra Asri Pacific Tbk,Basic Materials,Specialty Chemicals,IDR,149151262179328.0
TLKM.JK,IDN,Perusahaan Perseroan (Persero) PT Telekomunikasi Indonesia Tbk,Communication Services,Telecom Services,IDR,223778734866432.0
IMPC.JK,IDN,PT Impack Pratama Industri Tbk,Industrials,Building Products & Equipment,IDR,74098554175488.0
KLBF.JK,IDN,PT Kalbe Farma Tbk.,Healthcare,Drug Manufacturers - General,IDR,34162889195520.0
HMSP.JK,IDN,PT Hanjaya Mandala Sampoerna Tbk,Consumer Defensive,Tobacco,IDR,72117206908928.0
GOTO.JK,IDN,PT GoTo Gojek Tokopedia Tbk,Technology,Software - Infrastructure,IDR,30916680351744.0
BELI.JK,IDN,PT Global Digital Niaga Tbk,Consumer Cyclical,Internet Retail,IDR,34853621858304.0
BMRI.JK,IDN,PT Bank Mandiri (Persero) Tbk,Financial Services,Banks - Regional,IDR,383600004431872.0
PANI.JK,IDN,PT Pantai Indah Kapuk Dua Tbk,Real Estate,Real Estate - Development,IDR,84763083800576.0
CUAN.JK,IDN,PT Petrindo Jaya Kreasi Tbk,Energy,Thermal Coal,IDR,95539316129792.0
PGEO.JK,IDN,PT Pertamina Geothermal Energy Tbk,Utilities,Utilities - Renewable,IDR,40895441272832.0
BRPT.JK,IDN,PT Barito Pacific Tbk,Basic Materials,Chemicals,IDR,138693385912320.0
DNET.JK,IDN,PT Indoritel Makmur Internasional Tbk.,Communication Services,Telecom Services,IDR,140421598543872.0
BNBR.JK,IDN,PT Bakrie & Brothers Tbk,Industrials,Conglomerates,IDR,33925443354624.0
SILO.JK,IDN,PT Siloam International Hospitals Tbk,Healthcare,Medical Care Facilities,IDR,25196639551488.0
INDF.JK,IDN,PT Indofood Sukses Makmur Tbk,Consumer Defensive,Packaged Foods,IDR,60584942895104.0
CYBR.JK,IDN,PT ITSEC Asia Tbk,Technology,Software - Infrastructure,IDR,6609086971904.0
MGLV.JK,IDN,PT NexAI Digital Infrastruktur Tbk,Consumer Cyclical,"Furnishings, Fixtures & Appliances",IDR,26287391375360.0
BBNI.JK,IDN,PT Bank Negara Indonesia (Persero) Tbk,Financial Services,Banks - Regional,IDR,129151512084480.0
TOWR.JK,IDN,PT Sarana Menara Nusantara Tbk.,Real Estate,Real Estate Services,IDR,24099594174464.0
AADI.JK,IDN,PT Adaro Andalan Indonesia Tbk,Energy,Thermal Coal,IDR,93053360537600.0
PGAS.JK,IDN,PT Perusahaan Gas Negara (Persero) Tbk,Utilities,Utilities - Regulated Gas,IDR,33816903155712.0
EMAS.JK,IDN,PT Merdeka Gold Resources Tbk,Basic Materials,Gold,IDR,114904660967424.0
ISAT.JK,IDN,PT Indosat Tbk,Communication Services,Telecom Services,IDR,71919311257600.0
GIAA.JK,IDN,PT. Garuda Indonesia (Persero) Tbk,Industrials,Airlines,IDR,19133309648896.0
MIKA.JK,IDN,PT Mitra Keluarga Karyasehat Tbk,Healthcare,Medical Care Facilities,IDR,23780374085632.0
UNVR.JK,IDN,PT Unilever Indonesia Tbk,Consumer Defensive,Household & Personal Products,IDR,60010348412928.0
MTDL.JK,IDN,PT Metrodata Electronics Tbk,Technology,Electronics & Computer Distribution,IDR,6138442022912.0
MAPI.JK,IDN,PT. Mitra Adiperkasa Tbk,Consumer Cyclical,Department Stores,IDR,24817000513536.0
SMMA.JK,IDN,PT Sinar Mas Multiartha Tbk,Financial Services,Insurance - Diversified,IDR,127990058975232.0
MKPI.JK,IDN,PT Metropolitan Kentjana Tbk,Real Estate,Real Estate Services,IDR,19912074461184.0
ADRO.JK,IDN,PT Alamtri Resources Indonesia Tbk,Energy,Thermal Coal,IDR,74305274642432.0
POWR.JK,IDN,PT Cikarang Listrindo Tbk,Utilities,Utilities - Independent Power Producers,IDR,15455212273664.0
UNTR.JK,IDN,PT United Tractors Tbk,Basic Materials,Other Industrial Metals & Mining,IDR,89510524223488.0
EXCL.JK,IDN,PT XLSMART Telecom Sejahtera Tbk,Communication Services,Telecom Services,IDR,42587679358976.0
JSMR.JK,IDN,PT Jasa Marga (Persero) Tbk,Industrials,Infrastructure Operations,IDR,18870465200128.0
SOHO.JK,IDN,PT Soho Global Health Tbk,Healthcare,Medical Distribution,IDR,16753021157376.0
PGUN.JK,IDN,PT Pradiksi Gunatama Tbk,Consumer Defensive,Farm Products,IDR,53218549694464.0
MSTI.JK,IDN,PT Mastersystem Infotama Tbk,Technology,Information Technology Services,IDR,4159726682112.0
MDIY.JK,IDN,PT Daya Intiguna Yasa Tbk,Consumer Cyclical,Department Stores,IDR,23301111939072.0
CASA.JK,IDN,PT Capital Financial Indonesia Tbk,Financial Services,Insurance - Life,IDR,98057291038720.0
CBDK.JK,IDN,PT Bangun Kosambi Sukses Tbk,Real Estate,Real Estate Services,IDR,19801904775168.0
BUMI.JK,IDN,PT Bumi Resources Tbk,Energy,Thermal Coal,IDR,66097701191680.0
RAJA.JK,IDN,PT Rukun Raharja Tbk,Utilities,Utilities - Regulated Gas,IDR,14266403913728.0
BRMS.JK,IDN,PT Bumi Resources Minerals Tbk,Basic Materials,Other Industrial Metals & Mining,IDR,85070425620480.0
MTEL.JK,IDN,PT Dayamitra Telekomunikasi Tbk.,Communication Services,Telecom Services,IDR,35713085079552.0
TSPC.JK,IDN,PT Tempo Scan Pacific Tbk,Industrials,Conglomerates,IDR,11951140765696.0
CARE.JK,IDN,PT Metro Healthcare Indonesia Tbk,Healthcare,Medical Care Facilities,IDR,12502000730112.0
AMRT.JK,IDN,PT Sumber Alfaria Trijaya Tbk,Consumer Defensive,Grocery Stores,IDR,51775709118464.0
KETR.JK,IDN,PT Ketrosden Triasmitra,Technology,Communication Equipment,IDR,2642374557696.0
MAPA.JK,IDN,PT Map Aktif Adiperkasa Tbk,Consumer Cyclical,Specialty Retail,IDR,18242561114112.0
BNLI.JK,IDN,PT Bank Permata Tbk,Financial Services,Banks - Regional,IDR,69649022582784.0
JRPT.JK,IDN,"PT Jaya Real Property, Tbk.",Real Estate,Real Estate - Development,IDR,14874485719040.0
GEMS.JK,IDN,PT Golden Energy Mines Tbk,Energy,Thermal Coal,IDR,50000000188416.0
ARKO.JK,IDN,PT Arkora Hydro Tbk,Utilities,Utilities - Renewable,IDR,8551205961728.0
ANTM.JK,IDN,PT Antam (Persero) Tbk,Basic Materials,Gold,IDR,76658136580096.0
TBIG.JK,IDN,PT Tower Bersama Infrastructure Tbk,Communication Services,Telecom Services,IDR,32247377821696.0
ALII.JK,IDN,PT Ancara Logistics Indonesia Tbk,Industrials,Marine Shipping,IDR,11157189427200.0
PRAY.JK,IDN,PT Famon Awal Bros Sedaya Tbk,Healthcare,Medical Care Facilities,IDR,10818551808000.0
CPIN.JK,IDN,PT Charoen Pokphand Indonesia Tbk,Consumer Defensive,Farm Products,IDR,48046142390272.0
PTSN.JK,IDN,PT Sat Nusapersada Tbk,Technology,Electronic Components,IDR,2030079442944.0
AUTO.JK,IDN,PT Astra Otoparts Tbk,Consumer Cyclical,Auto Parts,IDR,16628079132672.0
BRIS.JK,IDN,PT Bank Syariah Indonesia Tbk,Financial Services,Banks - Regional,IDR,65272899698688.0
PWON.JK,IDN,PT Pakuwon Jati Tbk,Real Estate,Real Estate - Diversified,IDR,12328857763840.0
PTBA.JK,IDN,PT Bukit Asam (Persero) Tbk,Energy,Thermal Coal,IDR,37651948240896.0
KEEN.JK,IDN,PT Kencana Energi Lestari Tbk,Utilities,Utilities - Independent Power Producers,IDR,3116365512704.0
MDKA.JK,IDN,PT Merdeka Copper Gold Tbk,Basic Materials,Other Industrial Metals & Mining,IDR,72037951340544.0
EMTK.JK,IDN,PT Elang Mahkota Teknologi Tbk,Communication Services,Broadcasting,IDR,24228271226880.0
CMNP.JK,IDN,PT Citra Marga Nusaphala Persada Tbk,Industrials,Infrastructure Operations,IDR,9542304792576.0
HEAL.JK,IDN,PT Medikaloka Hermina Tbk,Healthcare,Medical Care Facilities,IDR,9452333826048.0
TAPG.JK,IDN,PT Triputra Agro Persada Tbk,Consumer Defensive,Farm Products,IDR,39308027232256.0
IRSX.JK,IDN,PT Folago Global Nusantara Tbk,Technology,Software - Application,IDR,1970025136128.0
BUVA.JK,IDN,PT Bukit Uluwatu Villa Tbk,Consumer Cyclical,Lodging,IDR,16616511242240.0
BDMN.JK,IDN,PT Bank Danamon Indonesia Tbk,Financial Services,Banks - Regional,IDR,46326641328128.0
BSDE.JK,IDN,PT Bumi Serpong Damai Tbk,Real Estate,Real Estate - Development,IDR,11397800919040.0
ENRG.JK,IDN,PT Energi Mega Persada Tbk,Energy,Oil & Gas E&P,IDR,36261792317440.0
FUTR.JK,IDN,PT Futura Energi Global Tbk,Utilities,Utilities - Renewable,IDR,1685430206464.0
ADMR.JK,IDN,PT Alamtri Minerals Indonesia Tbk,Basic Materials,Coking Coal,IDR,59892614299648.0
SCMA.JK,IDN,PT Surya Citra Media Tbk,Communication Services,Broadcasting,IDR,11367341883392.0
SSIA.JK,IDN,PT Surya Semesta Internusa Tbk,Industrials,Engineering & Construction,IDR,8163607707648.0
EPMT.JK,IDN,PT Enseval Putera Megatrading Tbk.,Healthcare,Medical Distribution,IDR,7177895936000.0
CMRY.JK,IDN,PT Cisarua Mountain Dairy Tbk,Consumer Defensive,Packaged Foods,IDR,35150645690368.0
BLUE.JK,IDN,PT Berkah Prima Perkasa Tbk,Technology,Electronics & Computer Distribution,IDR,1500619997184.0
PACK.JK,IDN,PT Abadi Nusantara Hijau Investama Tbk,Consumer Cyclical,Packaging & Containers,IDR,16034558902272.0
MEGA.JK,IDN,PT Bank Mega Tbk,Financial Services,Banks - Regional,IDR,45672191492096.0
RELIANCE.NS,IND,Reliance Industries Limited,Energy,Oil & Gas Refining & Marketing,INR,16087403986944.0
BHARTIARTL.BO,IND,Bharti Airtel Limited,Communication Services,Telecom Services,INR,11120407478272.0
HDFCBANK.NS,IND,HDFC Bank Limited,Financial Services,Banks - Regional,INR,10886986072064.0
TCS.BO,IND,Tata Consultancy Services Limited,Technology,Information Technology Services,INR,7628194840576.0
LT.BO,IND,Larsen & Toubro Limited,Industrials,Engineering & Construction,INR,5145261768704.0
HINDUNILVR.BO,IND,Hindustan Unilever Limited,Consumer Defensive,Household & Personal Products,INR,4323247915008.0
SUNPHARMA.BO,IND,Sun Pharmaceutical Industries Limited,Healthcare,Drug Manufacturers - Specialty & Generic,INR,4275614777344.0
TITAN.BO,IND,Titan Company Limited,Consumer Cyclical,Luxury Goods,INR,4081264623616.0
ADANIPOWER.NS,IND,Adani Power Limited,Utilities,Utilities - Independent Power Producers,INR,3876223713280.0
ULTRACEMCO.NS,IND,UltraTech Cement Limited,Basic Materials,Building Materials,INR,3205566562304.0
DLF.BO,IND,DLF Limited,Real Estate,Real Estate - Development,INR,1663409455104.0
RELIANCE.BO,IND,Reliance Industries Limited,Energy,Oil & Gas Refining & Marketing,INR,16061093117952.0
BHARTIARTL.NS,IND,Bharti Airtel Limited,Communication Services,Telecom Services,INR,11059893108736.0
HDFCBANK.BO,IND,HDFC Bank Limited,Financial Services,Banks - Regional,INR,10848550518784.0
TCS.NS,IND,Tata Consultancy Services Limited,Technology,Information Technology Services,INR,7608837603328.0
LT.NS,IND,Larsen & Toubro Limited,Industrials,Engineering & Construction,INR,5124826071040.0
HINDUNILVR.NS,IND,Hindustan Unilever Limited,Consumer Defensive,Household & Personal Products,INR,4323013033984.0
SUNPHARMA.NS,IND,Sun Pharmaceutical Industries Limited,Healthcare,Drug Manufacturers - Specialty & Generic,INR,4272975511552.0
TITAN.NS,IND,Titan Company Limited,Consumer Cyclical,Luxury Goods,INR,4064334053376.0
ADANIPOWER.BO,IND,Adani Power Limited,Utilities,Utilities - Independent Power Producers,INR,3870438195200.0
ULTRACEMCO.BO,IND,UltraTech Cement Limited,Basic Materials,Building Materials,INR,3200036110336.0
DLF.NS,IND,DLF Limited,Real Estate,Real Estate - Development,INR,1663161991168.0
ADANIENT.NS,IND,Adani Enterprises Limited,Energy,Thermal Coal,INR,3877061525504.0
IDEA.BO,IND,Vodafone Idea Limited,Communication Services,Telecom Services,INR,1381373706240.0
ICICIBANK.NS,IND,ICICI Bank Limited,Financial Services,Banks - Regional,INR,9555181305856.0
INFY.BO,IND,Infosys Limited,Technology,Information Technology Services,INR,4126515920896.0
ADANIPORTS.BO,IND,Adani Ports and Special Economic Zone Limited,Industrials,Marine Shipping,INR,4089527402496.0
ITC.BO,IND,ITC Limited,Consumer Defensive,Tobacco,INR,3364724408320.0
DIVISLAB.BO,IND,Divi's Laboratories Limited,Healthcare,Drug Manufacturers - Specialty & Generic,INR,2445721993216.0
MARUTI.BO,IND,Maruti Suzuki India Limited,Consumer Cyclical,Auto Manufacturers,INR,3622546178048.0
NTPC.NS,IND,NTPC Limited,Utilities,Utilities - Regulated Electric,INR,3131053703168.0
JSWSTEEL.NS,IND,JSW Steel Limited,Basic Materials,Steel,INR,3013875597312.0
LODHA.NS,IND,Lodha Developers Limited,Real Estate,Real Estate - Development,INR,1131620335616.0
ADANIENT.BO,IND,Adani Enterprises Limited,Energy,Thermal Coal,INR,3868939255808.0
IDEA.NS,IND,Vodafone Idea Limited,Communication Services,Telecom Services,INR,1380290265088.0
ICICIBANK.BO,IND,ICICI Bank Limited,Financial Services,Banks - Regional,INR,9536044793856.0
INFY.NS,IND,Infosys Limited,Technology,Information Technology Services,INR,4126287593472.0
ADANIPORTS.NS,IND,Adani Ports and Special Economic Zone Limited,Industrials,Marine Shipping,INR,4062110023680.0
ITC.NS,IND,ITC Limited,Consumer Defensive,Tobacco,INR,3352539693056.0
DIVISLAB.NS,IND,Divi's Laboratories Limited,Healthcare,Drug Manufacturers - Specialty & Generic,INR,2441249030144.0
MARUTI.NS,IND,Maruti Suzuki India Limited,Consumer Cyclical,Auto Manufacturers,INR,3621602983936.0
NTPC.BO,IND,NTPC Limited,Utilities,Utilities - Regulated Electric,INR,3115538972672.0
JSWSTEEL.BO,IND,JSW Steel Limited,Basic Materials,Steel,INR,3008139362304.0
LODHA.BO,IND,Lodha Developers Limited,Real Estate,Real Estate - Development,INR,1124725686272.0
ONGC.BO,IND,Oil and Natural Gas Corporation Limited,Energy,Oil & Gas Integrated,INR,2836852899840.0
INDUSTOWER.BO,IND,Indus Towers Limited,Communication Services,Telecom Services,INR,1005301596160.0
SBIN.NS,IND,State Bank of India,Financial Services,Banks - Regional,INR,8860007923712.0
HCLTECH.NS,IND,HCL Technologies Limited,Technology,Information Technology Services,INR,3254225469440.0
HAL.NS,IND,Hindustan Aeronautics Limited,Industrials,Aerospace & Defense,INR,3129866977280.0
NESTLEIND.BO,IND,Nestlé India Limited,Consumer Defensive,Packaged Foods,INR,2503627767808.0
TORNTPHARM.NS,IND,Torrent Pharmaceuticals Limited,Healthcare,Drug Manufacturers - Specialty & Generic,INR,1815115464704.0
M&M.BO,IND,Mahindra & Mahindra Limited,Consumer Cyclical,Auto Manufacturers,INR,3445357019136.0
POWERGRID.NS,IND,Power Grid Corporation of India Limited,Utilities,Utilities - Regulated Electric,INR,2395835727872.0
HINDZINC.BO,IND,Hindustan Zinc Limited,Basic Materials,Other Industrial Metals & Mining,INR,2372939022336.0
PHOENIXLTD.NS,IND,The Phoenix Mills Limited,Real Estate,Real Estate - Diversified,INR,692106625024.0
ONGC.NS,IND,Oil and Natural Gas Corporation Limited,Energy,Oil & Gas Integrated,INR,2829933871104.0
INDUSTOWER.NS,IND,Indus Towers Limited,Communication Services,Telecom Services,INR,1002664427520.0
SBIN.BO,IND,State Bank of India,Financial Services,Banks - Regional,INR,8852162478080.0
HCLTECH.BO,IND,HCL Technologies Limited,Technology,Information Technology Services,INR,3246920040448.0
HAL.BO,IND,Hindustan Aeronautics Limited,Industrials,Aerospace & Defense,INR,3123446546432.0
NESTLEIND.NS,IND,Nestlé India Limited,Consumer Defensive,Packaged Foods,INR,2500059463680.0
TORNTPHARM.BO,IND,Torrent Pharmaceuticals Limited,Healthcare,Drug Manufacturers - Specialty & Generic,INR,1612835717120.0
M&M.NS,IND,Mahindra & Mahindra Limited,Consumer Cyclical,Auto Manufacturers,INR,3426855157760.0
POWERGRID.BO,IND,Power Grid Corporation of India Limited,Utilities,Utilities - Regulated Electric,INR,2390255206400.0
HINDZINC.NS,IND,Hindustan Zinc Limited,Basic Materials,Other Industrial Metals & Mining,INR,2370192801792.0
PHOENIXLTD.BO,IND,The Phoenix Mills Limited,Real Estate,Real Estate - Diversified,INR,689960583168.0
COALINDIA.NS,IND,Coal India Limited,Energy,Thermal Coal,INR,2619467628544.0
NAUKRI.NS,IND,Info Edge (India) Limited,Communication Services,Internet Content & Information,INR,778386210816.0
BAJFINANCE.NS,IND,Bajaj Finance Limited,Financial Services,Credit Services,INR,6038018326528.0
WIPRO.BO,IND,Wipro Limited,Technology,Information Technology Services,INR,1604715544576.0
BEL.NS,IND,Bharat Electronics Limited,Industrials,Aerospace & Defense,INR,2813168451584.0
DMART.BO,IND,Avenue Supermarts Limited,Consumer Defensive,Discount Stores,INR,2330442072064.0
LENSKART.NS,IND,Lenskart Solutions Limited,Healthcare,Medical Instruments & Supplies,INR,1199860875264.0
ETERNAL.BO,IND,Eternal Limited,Consumer Cyclical,Internet Retail,INR,2958153220096.0
ADANIGREEN.NS,IND,Adani Green Energy Limited,Utilities,Utilities - Renewable,INR,2114974253056.0
ASIANPAINT.BO,IND,Asian Paints Limited,Basic Materials,Specialty Chemicals,INR,2273642020864.0
OBEROIRLTY.BO,IND,Oberoi Realty Limited,Real Estate,Real Estate - Development,INR,643466854400.0
COALINDIA.BO,IND,Coal India Limited,Energy,Thermal Coal,INR,2619159609344.0
NAUKRI.BO,IND,Info Edge (India) Limited,Communication Services,Internet Content & Information,INR,777479454720.0
BAJFINANCE.BO,IND,Bajaj Finance Limited,Financial Services,Credit Services,INR,6036071645184.0
WIPRO.NS,IND,Wipro Limited,Technology,Information Technology Services,INR,1604517625856.0
BEL.BO,IND,Bharat Electronics Limited,Industrials,Aerospace & Defense,INR,2807686234112.0
DMART.NS,IND,Avenue Supermarts Limited,Consumer Defensive,Discount Stores,INR,2326561292288.0
LENSKART.BO,IND,Lenskart Solutions Limited,Healthcare,Medical Instruments & Supplies,INR,1198042251264.0
ETERNAL.NS,IND,Eternal Limited,Consumer Cyclical,Internet Retail,INR,2953090170880.0
ADANIGREEN.BO,IND,Adani Green Energy Limited,Utilities,Utilities - Renewable,INR,2108056141824.0
ASIANPAINT.NS,IND,Asian Paints Limited,Basic Materials,Specialty Chemicals,INR,2255977709568.0
OBEROIRLTY.NS,IND,Oberoi Realty Limited,Real Estate,Real Estate - Development,INR,636740239360.0
IOC.BO,IND,Indian Oil Corporation Limited,Energy,Oil & Gas Refining & Marketing,INR,1845645803520.0
BHARTIHEXA.NS,IND,Bharti Hexacom Limited,Communication Services,Telecom Services,INR,691549962240.0
NSE.BO,IND,National Stock Exchange of Ind,Financial Services,Financial Data & Stock Exchanges,INR,4265662480384.0
TECHM.BO,IND,Tech Mahindra Limited,Technology,Information Technology Services,INR,1362264588288.0
INDIGO.BO,IND,InterGlobe Aviation Limited,Industrials,Airlines,INR,1908199653376.0
VBL.NS,IND,Varun Beverages Limited,Consumer Defensive,Beverages - Non-Alcoholic,INR,1486944731136.0
APOLLOHOSP.BO,IND,Apollo Hospitals Enterprise Limited,Healthcare,Medical Care Facilities,INR,1151715115008.0
BAJAJ-AUTO.BO,IND,Bajaj Auto Limited,Consumer Cyclical,Auto Manufacturers,INR,2754701164544.0
ADANIENSOL.NS,IND,Adani Energy Solutions Limited,Utilities,Utilities - Independent Power Producers,INR,1655146676224.0
TATASTEEL.NS,IND,Tata Steel Limited,Basic Materials,Steel,INR,2226790072320.0
PRESTIGE.NS,IND,Prestige Estates Projects Limited,Real Estate,Real Estate - Diversified,INR,622405222400.0
BPCL.BO,IND,Bharat Petroleum Corporation Limited,Energy,Oil & Gas Refining & Marketing,INR,1286366953472.0
ETN,IRL,Eaton Corporation plc,Industrials,Specialty Industrial Machinery,USD,169341501440.0
ACN,IRL,Accenture plc,Technology,Information Technology Services,USD,121715277824.0
MDT,IRL,Medtronic plc,Healthcare,Medical Devices,USD,110491926528.0
AON,IRL,Aon plc,Financial Services,Insurance Brokers,USD,57157201920.0
CRH,IRL,CRH plc,Basic Materials,Building Materials,USD,54513410048.0
KRZ.IR,IRL,Kerry Group plc,Consumer Defensive,Packaged Foods,EUR,13628299264.0
DCC.L,IRL,DCC Energy plc,Energy,Oil & Gas Refining & Marketing,GBp,5498013696.0
C5H.IR,IRL,Cairn Homes plc,Consumer Cyclical,Residential Construction,EUR,1641804032.0
IRES.IR,IRL,Irish Residential Properties REIT Plc,Real Estate,REIT - Residential,EUR,674432704.0
HTOO,IRL,Fusion Fuel Green PLC,Utilities,Utilities - Renewable,USD,16159958.0
TT,IRL,Trane Technologies plc,Industrials,Building Products & Equipment,USD,102070960128.0
JAZZ,IRL,Jazz Pharmaceuticals plc,Healthcare,Biotechnology,USD,15298417664.0
A5G.IR,IRL,AIB Group plc,Financial Services,Banks - Regional,EUR,23359684608.0
OIZ.IR,IRL,Origin Enterprises plc,Basic Materials,Agricultural Inputs,EUR,422960992.0
GLB.L,IRL,Glanbia plc,Consumer Defensive,Packaged Foods,EUR,4683125760.0
ADNT,IRL,Adient plc,Consumer Cyclical,Auto Parts,USD,1334547840.0
JCI,IRL,Johnson Controls International plc,Industrials,Building Products & Equipment,USD,94641045504.0
ICLR,IRL,ICON Public Limited Company,Healthcare,Diagnostics & Research,USD,12502839296.0
BIRG.IR,IRL,Bank of Ireland Group plc,Financial Services,Banks - Regional,EUR,17891067904.0
KMR.IR,IRL,Kenmare Resources plc,Basic Materials,Other Industrial Metals & Mining,EUR,184698816.0
GL9.IR,IRL,Glanbia plc,Consumer Defensive,Packaged Foods,EUR,4589716992.0
GVR.IR,IRL,Glenveagh Properties PLC,Consumer Cyclical,Residential Construction,EUR,1170264704.0
RYAAY,IRL,Ryanair Holdings plc,Industrials,Airlines,USD,28511711232.0
ALKS,IRL,Alkermes plc,Healthcare,Drug Manufacturers - Specialty & Generic,USD,7004116480.0
PTSB.IR,IRL,Permanent TSB Group Holdings plc,Financial Services,Banks - Regional,EUR,1634974848.0
GNC.L,IRL,Greencore Group plc,Consumer Defensive,Packaged Foods,GBp,1972263168.0
HSW.L,IRL,Hostelworld Group plc,Consumer Cyclical,Travel Services,GBp,126062968.0
RYA.IR,IRL,Ryanair Holdings plc,Industrials,Airlines,EUR,24539234304.0
PRGO,IRL,Perrigo Company plc,Healthcare,Drug Manufacturers - Specialty & Generic,USD,1978849536.0
EG7.IR,IRL,FBD Holdings plc,Financial Services,Insurance - Property & Casualty,EUR,679404352.0
AER,IRL,AerCap Holdings N.V.,Industrials,Rental & Leasing Services,USD,22687946752.0
UPR.IR,IRL,Uniphar plc,Healthcare,Medical Distribution,EUR,1018829120.0
EXPN.L,IRL,Experian plc,Industrials,Consulting Services,GBp,21765253120.0
PRTA,IRL,Prothena Corporation plc,Healthcare,Biotechnology,USD,429177088.0
KRX.IR,IRL,Kingspan Group plc,Industrials,Building Products & Equipment,EUR,18434576384.0
AMRN,IRL,Amarin Corporation plc,Healthcare,Drug Manufacturers - General,USD,258968496.0
ALLE,IRL,Allegion plc,Industrials,Security & Protection Services,USD,13113523200.0
MLC.IR,IRL,Malin Corporation plc,Healthcare,Drug Manufacturers - Specialty & Generic,EUR,30283176.0
CMPR,IRL,Cimpress plc,Industrials,Specialty Business Services,USD,1827184640.0
TRIB,IRL,Trinity Biotech plc,Healthcare,Medical Devices,USD,4626721.0
GFTU.L,IRL,Grafton Group plc,Industrials,Industrial Distribution,GBp,1736543616.0
IR5B.IR,IRL,Irish Continental Group plc,Industrials,Marine Shipping,EUR,1184495104.0
MIO.IR,IRL,Mincon Group plc,Industrials,Tools & Accessories,EUR,181663920.0
UCG.MI,ITA,UniCredit S.p.A.,Financial Services,Banks - Regional,EUR,118751297536.0
ENEL.MI,ITA,Enel SpA,Utilities,Utilities - Diversified,EUR,87341522944.0
ENI.MI,ITA,Eni S.p.A.,Energy,Oil & Gas Integrated,EUR,70008225792.0
RACE.MI,ITA,Ferrari N.V.,Consumer Cyclical,Auto Manufacturers,EUR,60204961792.0
PRY.MI,ITA,Prysmian S.p.A.,Industrials,Electrical Equipment & Parts,EUR,38142480384.0
TPRO.MI,ITA,Technoprobe S.p.A.,Technology,Semiconductors,EUR,22744143872.0
TIT.MI,ITA,Telecom Italia S.p.A.,Communication Services,Telecom Services,EUR,13661395968.0
REC.MI,ITA,Recordati Industria Chimica e Farmaceutica S.p.A.,Healthcare,Drug Manufacturers - General,EUR,10742447104.0
CPR.MI,ITA,Davide Campari-Milano N.V.,Consumer Defensive,Beverages - Wineries & Distilleries,EUR,7325704704.0
BZU.MI,ITA,Buzzi S.p.A.,Basic Materials,Building Materials,EUR,6693321216.0
INW.MI,ITA,Infrastrutture Wireless Italiane S.p.A.,Real Estate,Real Estate Services,EUR,5861677568.0
ISP.MI,ITA,Intesa Sanpaolo S.p.A.,Financial Services,Banks - Regional,EUR,111213723648.0
SRG.MI,ITA,Snam S.p.A.,Utilities,Utilities - Regulated Gas,EUR,18681796608.0
EDNR.MI,ITA,Edison S.p.A.,Energy,Oil & Gas Integrated,EUR,8932317184.0
MONC.MI,ITA,Moncler S.p.A.,Consumer Cyclical,Apparel Manufacturing,EUR,11975707648.0
PST.MI,ITA,Poste Italiane S.p.A.,Industrials,Integrated Freight & Logistics,EUR,37141544960.0
1BSP.MI,ITA,Bending Spoons S.p.A.,Technology,Software - Application,EUR,18357837824.0
MFEB.MI,ITA,MFE-Mediaforeurope N.V.,Communication Services,Broadcasting,EUR,2059011584.0
DIA.MI,ITA,DiaSorin S.p.A.,Healthcare,Diagnostics & Research,EUR,3725986048.0
BFG.MI,ITA,B.F. S.p.A.,Consumer Defensive,Farm Products,EUR,2094502272.0
SOL.MI,ITA,SOL S.p.A.,Basic Materials,Specialty Chemicals,EUR,5079199744.0
IGD.MI,ITA,Immobiliare Grande Distribuzione SIIQ S.p.A.,Real Estate,REIT - Retail,EUR,408265056.0
G.MI,ITA,Assicurazioni Generali S.p.A.,Financial Services,Insurance - Diversified,EUR,63060930560.0
TRN.MI,ITA,Terna S.p.A.,Utilities,Utilities - Regulated Electric,EUR,18378242048.0
SPM.MI,ITA,Saipem SpA,Energy,Oil & Gas Equipment & Services,EUR,8391722496.0
PIRC.MI,ITA,Pirelli & C. S.p.A.,Consumer Cyclical,Auto Parts,EUR,7203615744.0
LDO.MI,ITA,Leonardo S.p.a.,Industrials,Aerospace & Defense,EUR,27441135616.0
NEXI.MI,ITA,Nexi S.p.A.,Technology,Software - Infrastructure,EUR,4754095104.0
MFEA.MI,ITA,MFE-Mediaforeurope N.V.,Communication Services,Broadcasting,EUR,1548981120.0
AMP.MI,ITA,Amplifon S.p.A.,Healthcare,Medical Distribution,EUR,3125201920.0
ICOS.MI,ITA,Intercos S.p.A.,Consumer Defensive,Household & Personal Products,EUR,1156713984.0
CALT.MI,ITA,Caltagirone SpA,Basic Materials,Building Materials,EUR,1132731648.0
RN.MI,ITA,Risanamento SpA,Real Estate,Real Estate Services,EUR,73834616.0
BMPS.MI,ITA,Banca Monte dei Paschi di Siena S.p.A.,Financial Services,Banks - Regional,EUR,34194358272.0
IG.MI,ITA,Italgas S.p.A.,Utilities,Utilities - Regulated Gas,EUR,8357852672.0
NXT.MI,ITA,Next Geosolutions Europe SpA,Energy,Oil & Gas Equipment & Services,EUR,760800000.0
LTMC.MI,ITA,Lottomatica Group S.p.A.,Consumer Cyclical,Gambling,EUR,5850320384.0
WBDR.MI,ITA,Webuild S.p.A.,Industrials,Engineering & Construction,EUR,8701431808.0
RWAY.MI,ITA,Rai Way S.p.A.,Communication Services,Telecom Services,EUR,1155911424.0
ELN.MI,ITA,EL.En. S.p.A.,Healthcare,Medical Devices,EUR,1315435264.0
ITM.MI,ITA,Italmobiliare S.p.A.,Consumer Defensive,Packaged Foods,EUR,1048590656.0
KMER.MI,ITA,KME Group S.p.A.,Basic Materials,Copper,EUR,418130944.0
ABT.MI,ITA,Abitare In S.p.A.,Real Estate,Real Estate - Development,EUR,71571808.0
BPE.MI,ITA,BPER Banca SpA,Financial Services,Banks - Regional,EUR,28851816448.0
A2A.MI,ITA,A2A S.p.A.,Utilities,Utilities - Diversified,EUR,7023317504.0
GSP.MI,ITA,Gas Plus S.p.A.,Energy,Oil & Gas E&P,EUR,293245920.0
DLG.MI,ITA,De'Longhi S.p.A.,Consumer Cyclical,"Furnishings, Fixtures & Appliances",EUR,5788092928.0
FCT.MI,ITA,Fincantieri S.p.A.,Industrials,Aerospace & Defense,EUR,4404544512.0
JUVE.MI,ITA,Juventus Football Club S.p.A.,Communication Services,Entertainment,EUR,733145728.0
PHIL.MI,ITA,Philogen S.p.A.,Healthcare,Biotechnology,EUR,891240768.0
NWL.MI,ITA,NewPrinces S.p.A.,Consumer Defensive,Packaged Foods,EUR,736206400.0
KME.MI,ITA,KME Group S.p.A.,Basic Materials,Copper,EUR,258852672.0
BRI.MI,ITA,Brioschi Sviluppo Immobiliare S.p.A.,Real Estate,Real Estate - Development,EUR,51264448.0
BAMI.MI,ITA,Banco BPM S.p.A.,Financial Services,Banks - Regional,EUR,23070316544.0
HER.MI,ITA,Hera S.p.A.,Utilities,Utilities - Diversified,EUR,5215702528.0
ETI.MI,ITA,ETI S.p.A.,Energy,Oil & Gas Midstream,EUR,5171729.0
BC.MI,ITA,Brunello Cucinelli S.p.A.,Consumer Cyclical,Luxury Goods,EUR,5469920256.0
MAIRE.MI,ITA,Maire S.p.A.,Industrials,Engineering & Construction,EUR,4144657920.0
MN.MI,ITA,Arnoldo Mondadori Editore S.p.A.,Communication Services,Publishing,EUR,525615712.0
SFL.MI,ITA,Safilo Group S.p.A.,Healthcare,Medical Instruments & Supplies,EUR,707407872.0
MARR.MI,ITA,MARR S.p.A.,Consumer Defensive,Food Distribution,EUR,328078560.0
NDT.MI,ITA,Neodecortech S.p.A.,Basic Materials,Paper & Paper Products,EUR,74183552.0
GAB.MI,ITA,Gabetti Property Solutions S.p.A.,Real Estate,Real Estate Services,EUR,22203490.0
MB.MI,ITA,Mediobanca Banca di Credito Finanziario S.p.A.,Financial Services,Banks - Regional,EUR,20413382656.0
ACE.MI,ITA,ACEA S.p.A.,Utilities,Utilities - Diversified,EUR,4227577600.0
TGYM.MI,ITA,Technogym S.p.A.,Consumer Cyclical,Leisure,EUR,2558900992.0
IVG.MI,ITA,Iveco Group N.V.,Industrials,Farm & Heavy Construction Machinery,EUR,3800769024.0
IEG.MI,ITA,Italian Exhibition Group S.p.A.,Communication Services,Advertising Agencies,EUR,476494592.0
PHN.MI,ITA,Pharmanutra S.p.A.,Healthcare,Drug Manufacturers - Specialty & Generic,EUR,676007936.0
ORS.MI,ITA,Orsero S.p.A.,Consumer Defensive,Food Distribution,EUR,259108112.0
MGS.MI,ITA,Magis S.p.A.,Basic Materials,Specialty Chemicals,EUR,53291952.0
AEDES.MI,ITA,Aedes Spa,Real Estate,REIT - Retail,EUR,10986135.0
UNI.MI,ITA,Unipol Assicurazioni S.p.A.,Financial Services,Insurance - Property & Casualty,EUR,19249809408.0
ERG.MI,ITA,ERG S.p.A.,Utilities,Utilities - Renewable,EUR,3270481920.0
OVS.MI,ITA,OVS S.p.A.,Consumer Cyclical,Apparel Manufacturing,EUR,1408684288.0
IP.MI,ITA,Interpump Group S.p.A.,Industrials,Specialty Industrial Machinery,EUR,3728742400.0
RCS.MI,ITA,RCS MediaGroup S.p.A.,Communication Services,Publishing,EUR,431499680.0
FF.MI,ITA,Fine Foods & Pharmaceuticals N.T.M. S.p.A.,Consumer Defensive,Packaged Foods,EUR,154591344.0
ICF.MI,ITA,Industrie Chimiche Forestali S.p.A.,Basic Materials,Specialty Chemicals,EUR,33567640.0
TCM.MI,ITA,Tecma Solutions S.p.A.,Real Estate,Real Estate Services,EUR,7748280.0
BMED.MI,ITA,Banca Mediolanum S.p.A.,Financial Services,Banks - Regional,EUR,17174290432.0
IRE.MI,ITA,Iren SpA,Utilities,Utilities - Diversified,EUR,3069116928.0
OROX.MI,ITA,Gens Aurea S.p.A.,Consumer Cyclical,Luxury Goods,EUR,1359459968.0
CED.MI,ITA,Caltagirone Editore SpA,Communication Services,Publishing,EUR,281926304.0
IWB.MI,ITA,Italian Wine Brands S.p.A.,Consumer Defensive,Beverages - Wineries & Distilleries,EUR,142781392.0
GRN.MI,ITA,Green Oleo S.p.A.,Basic Materials,Chemicals,EUR,12979370.0
CBB.MI,ITA,CleanBnB S.p.A.,Real Estate,Real Estate Services,EUR,6657621.0
FBK.MI,ITA,FinecoBank Banca Fineco S.p.A.,Financial Services,Banks - Regional,EUR,13184703488.0
ARN.MI,ITA,Alerion Clean Power S.p.A.,Utilities,Utilities - Renewable,EUR,939112960.0
SL.MI,ITA,Sanlorenzo S.p.A.,Consumer Cyclical,Recreational Vehicles,EUR,1269471360.0
CAI.MI,ITA,Cairo Communication S.p.A.,Communication Services,Publishing,EUR,252931376.0
MASI.MI,ITA,Masi Agricola S.p.A.,Consumer Defensive,Beverages - Wineries & Distilleries,EUR,135677872.0
VNXT.MI,ITA,Vinext S.p.A.,Basic Materials,Specialty Chemicals,EUR,5599110.0
ENA.MI,ITA,ENA S.p.A.,Real Estate,Real Estate Services,EUR,4455054.0
BGN.MI,ITA,Banca Generali S.p.A.,Financial Services,Banks - Regional,EUR,7033197056.0
ASC.MI,ITA,Ascopiave S.p.A.,Utilities,Utilities - Regulated Gas,EUR,572478144.0
SFER.MI,ITA,Salvatore Ferragamo S.p.A.,Consumer Cyclical,Luxury Goods,EUR,1110550656.0
DIB.MI,ITA,Digital Bros S.p.A.,Communication Services,Electronic Gaming & Multimedia,EUR,167321424.0
VLS.MI,ITA,Valsoia S.p.A.,Consumer Defensive,Packaged Foods,EUR,111717456.0
MEV.MI,ITA,Mevim S.p.A.,Real Estate,Real Estate Services,EUR,865288.0
8306.T,JPN,"Mitsubishi UFJ Financial Group, Inc.",Financial Services,Banks - Diversified,JPY,40689589026816.0
9984.T,JPN,SoftBank Group Corp.,Communication Services,Telecom Services,JPY,37026724315136.0
7203.T,JPN,Toyota Motor Corporation,Consumer Cyclical,Auto Manufacturers,JPY,34264347312128.0
285A.T,JPN,Kioxia Holdings Corporation,Technology,Semiconductors,JPY,30544486203392.0
6501.T,JPN,"Hitachi, Ltd.",Industrials,Conglomerates,JPY,25194710171648.0
2914.T,JPN,Japan Tobacco Inc.,Consumer Defensive,Tobacco,JPY,12303228469248.0
4063.T,JPN,"Shin-Etsu Chemical Co., Ltd.",Basic Materials,Chemicals,JPY,11286072000512.0
4519.T,JPN,"Chugai Pharmaceutical Co., Ltd.",Healthcare,Drug Manufacturers - General,JPY,10021051039744.0
1605.T,JPN,Inpex Corporation,Energy,Oil & Gas E&P,JPY,4233298182144.0
8802.T,JPN,"Mitsubishi Estate Co., Ltd.",Real Estate,Real Estate - Diversified,JPY,4151811244032.0
9503.T,JPN,"The Kansai Electric Power Company, Incorporated",Utilities,Utilities - Regulated Electric,JPY,2903231692800.0
8316.T,JPN,"Sumitomo Mitsui Financial Group, Inc.",Financial Services,Banks - Diversified,JPY,25584073703424.0
6098.T,JPN,"Recruit Holdings Co., Ltd.",Communication Services,Internet Content & Information,JPY,23103845433344.0
9983.T,JPN,"Fast Retailing Co., Ltd.",Consumer Cyclical,Apparel Retail,JPY,22918702563328.0
6857.T,JPN,Advantest Corporation,Technology,Semiconductor Equipment & Materials,JPY,29094704054272.0
8058.T,JPN,Mitsubishi Corporation,Industrials,Conglomerates,JPY,17247627116544.0
2802.T,JPN,"Ajinomoto Co., Inc.",Consumer Defensive,Packaged Foods,JPY,5069619593216.0
4004.T,JPN,Resonac Holdings Corporation,Basic Materials,Chemicals,JPY,3414725754880.0
4502.T,JPN,Takeda Pharmaceutical Company Limited,Healthcare,Drug Manufacturers - Specialty & Generic,JPY,9007096922112.0
5020.T,JPN,"ENEOS Holdings, Inc.",Energy,Oil & Gas Refining & Marketing,JPY,3618061680640.0
8801.T,JPN,"Mitsui Fudosan Co., Ltd.",Real Estate,Real Estate - Diversified,JPY,3822901002240.0
9532.T,JPN,"Osaka Gas Co., Ltd.",Utilities,Utilities - Regulated Gas,JPY,2139917647872.0
8411.T,JPN,"Mizuho Financial Group, Inc.",Financial Services,Banks - Regional,JPY,20981827502080.0
9432.T,JPN,"NTT, Inc.",Communication Services,Telecom Services,JPY,13758612111360.0
5802.T,JPN,"Sumitomo Electric Industries, Ltd.",Consumer Cyclical,Auto Parts,JPY,7693125812224.0
8035.T,JPN,Tokyo Electron Limited,Technology,Semiconductor Equipment & Materials,JPY,28995496181760.0
8001.T,JPN,ITOCHU Corporation,Industrials,Conglomerates,JPY,15360332922880.0
3382.T,JPN,"Seven & i Holdings Co., Ltd.",Consumer Defensive,Grocery Stores,JPY,4488776122368.0
5401.T,JPN,Nippon Steel Corporation,Basic Materials,Steel,JPY,3339601838080.0
7741.T,JPN,HOYA Corporation,Healthcare,Medical Instruments & Supplies,JPY,8172264751104.0
5019.T,JPN,"Idemitsu Kosan Co.,Ltd.",Energy,Oil & Gas Refining & Marketing,JPY,1829681758208.0
8830.T,JPN,"Sumitomo Realty & Development Co., Ltd.",Real Estate,Real Estate Services,JPY,2829036814336.0
9531.T,JPN,"Tokyo Gas Co.,Ltd.",Utilities,Utilities - Regulated Gas,JPY,1984495091712.0
8766.T,JPN,"Tokio Marine Holdings, Inc.",Financial Services,Insurance - Property & Casualty,JPY,14441738403840.0
9434.T,JPN,SoftBank Corp.,Communication Services,Telecom Services,JPY,11408342253568.0
7267.T,JPN,"Honda Motor Co., Ltd.",Consumer Cyclical,Auto Manufacturers,JPY,6525910777856.0
6758.T,JPN,Sony Group Corporation,Technology,Consumer Electronics,JPY,21762175664128.0
8031.T,JPN,"Mitsui & Co., Ltd.",Industrials,Conglomerates,JPY,13997544833024.0
4452.T,JPN,Kao Corporation,Consumer Defensive,Household & Personal Products,JPY,3139510206464.0
4612.T,JPN,"Nippon Paint Holdings Co., Ltd.",Basic Materials,Specialty Chemicals,JPY,2779873542144.0
4578.T,JPN,"Otsuka Holdings Co., Ltd.",Healthcare,Drug Manufacturers - General,JPY,5993664610304.0
5021.T,JPN,"Cosmo Energy Holdings Co., Ltd.",Energy,Oil & Gas Integrated,JPY,654530248704.0
1925.T,JPN,"Daiwa House Industry Co., Ltd.",Real Estate,Real Estate - Development,JPY,2668979552256.0
9502.T,JPN,"Chubu Electric Power Company, Incorporated",Utilities,Utilities - Diversified,JPY,1984027295744.0
7182.T,JPN,"JAPAN POST BANK Co., Ltd.",Financial Services,Banks - Regional,JPY,12100065820672.0
9433.T,JPN,KDDI Corporation,Communication Services,Telecom Services,JPY,10692419649536.0
5108.T,JPN,Bridgestone Corporation,Consumer Cyclical,Auto Parts,JPY,4726775611392.0
6861.T,JPN,Keyence Corporation,Technology,Scientific & Technical Instruments,JPY,19809452425216.0
7011.T,JPN,"Mitsubishi Heavy Industries, Ltd.",Industrials,Specialty Industrial Machinery,JPY,13007370321920.0
2502.T,JPN,"Asahi Group Holdings, Ltd.",Consumer Defensive,Beverages - Brewers,JPY,2317588365312.0
5713.T,JPN,"Sumitomo Metal Mining Co., Ltd.",Basic Materials,Other Industrial Metals & Mining,JPY,2596813144064.0
4568.T,JPN,"Daiichi Sankyo Company, Limited",Healthcare,Drug Manufacturers - General,JPY,4942178287616.0
6269.T,JPN,"MODEC, Inc.",Energy,Oil & Gas Equipment & Services,JPY,594731728896.0
3003.T,JPN,"Hulic Co., Ltd.",Real Estate,Real Estate - Diversified,JPY,1274735886336.0
9508.T,JPN,KYUDEN Holdings Inc.,Utilities,Utilities - Independent Power Producers,JPY,991888539648.0
8725.T,JPN,"MS&AD Insurance Group Holdings, Inc.",Financial Services,Insurance - Property & Casualty,JPY,6897298571264.0
7974.T,JPN,"Nintendo Co., Ltd.",Communication Services,Electronic Gaming & Multimedia,JPY,8925543923712.0
4661.T,JPN,"Oriental Land Co., Ltd.",Consumer Cyclical,Leisure,JPY,4651875827712.0
6981.T,JPN,"Murata Manufacturing Co., Ltd.",Technology,Electronic Components,JPY,15851824611328.0
6503.T,JPN,Mitsubishi Electric Corporation,Industrials,Electrical Equipment & Parts,JPY,10983221231616.0
2503.T,JPN,"Kirin Holdings Company, Limited",Consumer Defensive,Beverages - Brewers,JPY,2233409994752.0
4091.T,JPN,Nippon Sanso Holdings Corporation,Basic Materials,Chemicals,JPY,2394544406528.0
4503.T,JPN,Astellas Pharma Inc.,Healthcare,Drug Manufacturers - General,JPY,4007385628672.0
1662.T,JPN,"Japan Petroleum Exploration Co., Ltd.",Energy,Oil & Gas E&P,JPY,440318787584.0
3289.T,JPN,Tokyu Fudosan Holdings Corporation,Real Estate,Real Estate - Diversified,JPY,849101848576.0
642A.T,JPN,KYUDEN HOLDINGS INC,Utilities,Utilities - Independent Power Producers,JPY,918844342272.0
6178.T,JPN,"Japan Post Holdings Co., Ltd.",Financial Services,Banks - Regional,JPY,6741644804096.0
9766.T,JPN,Konami Group Corporation,Communication Services,Electronic Gaming & Multimedia,JPY,3010031517696.0
6902.T,JPN,DENSO Corporation,Consumer Cyclical,Auto Parts,JPY,4618153099264.0
6752.T,JPN,Panasonic Holdings Corporation,Technology,Consumer Electronics,JPY,10997496545280.0
5803.T,JPN,Fujikura Ltd.,Industrials,Conglomerates,JPY,9215629328384.0
7532.T,JPN,Pan Pacific International Holdings Corporation,Consumer Defensive,Discount Stores,JPY,2071457693696.0
6988.T,JPN,Nitto Denko Corporation,Basic Materials,Specialty Chemicals,JPY,2351055765504.0
4543.T,JPN,Terumo Corporation,Healthcare,Medical Devices,JPY,3368394162176.0
8097.T,JPN,"San-Ai Obbli Co., Ltd.",Energy,Oil & Gas Refining & Marketing,JPY,145547313152.0
3288.T,JPN,"Open House Group Co., Ltd.",Real Estate,Real Estate - Diversified,JPY,807565459456.0
9501.T,JPN,"Tokyo Electric Power Company Holdings, Incorporated",Utilities,Utilities - Renewable,JPY,838052937728.0
8750.T,JPN,"Daiichi Life Group, Inc.",Financial Services,Insurance - Life,JPY,6541580173312.0
3659.T,JPN,"NEXON Co., Ltd.",Communication Services,Electronic Gaming & Multimedia,JPY,2087781138432.0
7269.T,JPN,Suzuki Motor Corporation,Consumer Cyclical,Auto Manufacturers,JPY,3798740238336.0
6723.T,JPN,Renesas Electronics Corporation,Technology,Semiconductors,JPY,7057763729408.0
8053.T,JPN,Sumitomo Corporation,Industrials,Conglomerates,JPY,8231941308416.0
8113.T,JPN,Unicharm Corporation,Consumer Defensive,Household & Personal Products,JPY,1591396007936.0
4188.T,JPN,Mitsubishi Chemical Group Corporation,Basic Materials,Specialty Chemicals,JPY,1594420232192.0
4507.T,JPN,"Shionogi & Co., Ltd.",Healthcare,Drug Manufacturers - Specialty & Generic,JPY,2264445485056.0
8037.T,JPN,Kamei Corporation,Energy,Oil & Gas Refining & Marketing,JPY,143366471680.0
8952.T,JPN,Japan Real Estate Investment Corporation,Real Estate,REIT - Office,JPY,765504258048.0
9513.T,JPN,"Electric Power Development Co., Ltd.",Utilities,Utilities - Renewable,JPY,694352674816.0
8591.T,JPN,ORIX Corporation,Financial Services,Financial Conglomerates,JPY,6083919740928.0
9697.T,JPN,"Capcom Co., Ltd.",Communication Services,Electronic Gaming & Multimedia,JPY,1846833446912.0
7832.T,JPN,BANDAI NAMCO Holdings Inc.,Consumer Cyclical,Leisure,JPY,3662199652352.0
6702.T,JPN,Fujitsu Limited,Technology,Information Technology Services,JPY,7026814484480.0
8002.T,JPN,Marubeni Corporation,Industrials,Conglomerates,JPY,7807535415296.0
2801.T,JPN,Kikkoman Corporation,Consumer Defensive,Packaged Foods,JPY,1586898403328.0
4021.T,JPN,Nissan Chemical Corporation,Basic Materials,Chemicals,JPY,1165100187648.0
7733.T,JPN,Olympus Corporation,Healthcare,Medical Devices,JPY,2077876944896.0
8131.T,JPN,"Mitsuuroko Group Holdings Co.,Ltd.",Energy,Oil & Gas Refining & Marketing,JPY,130705588224.0
3231.T,JPN,"Nomura Real Estate Holdings, Inc.",Real Estate,Real Estate - Development,JPY,720098426880.0
9506.T,JPN,"Tohoku Electric Power Company, Incorporated",Utilities,Utilities - Renewable,JPY,621487194112.0
8630.T,JPN,"Sompo Holdings, Inc.",Financial Services,Insurance - Property & Casualty,JPY,5830609469440.0
005930.KS,KOR,"Samsung Electronics Co., Ltd.",Technology,Consumer Electronics,KRW,1812371509084160.0
005380.KS,KOR,Hyundai Motor Company,Consumer Cyclical,Auto Manufacturers,KRW,90725505040384.0
373220.KS,KOR,"LG Energy Solution, Ltd.",Industrials,Electrical Equipment & Parts,KRW,86813997793280.0
207940.KS,KOR,"Samsung Biologics Co.,Ltd.",Healthcare,Biotechnology,KRW,63033367855104.0
105560.KS,KOR,KB Financial Group Inc.,Financial Services,Banks - Regional,KRW,58775163633664.0
035420.KS,KOR,NAVER Corporation,Communication Services,Internet Content & Information,KRW,28792393302016.0
096770.KS,KOR,"SK Innovation Co., Ltd.",Energy,Oil & Gas Refining & Marketing,KRW,26206074306560.0
005490.KS,KOR,POSCO Holdings Inc.,Basic Materials,Steel,KRW,23518062313472.0
015760.KS,KOR,Korea Electric Power Corporation,Utilities,Utilities - Regulated Electric,KRW,19291021770752.0
033780.KS,KOR,KT&G Corporation,Consumer Defensive,Tobacco,KRW,18364070100992.0
180640.KS,KOR,Hanjin Kal,Real Estate,Real Estate Services,KRW,8902807650304.0
005935.KS,KOR,"Samsung Electronics Co., Ltd.",Technology,Consumer Electronics,KRW,1326265231474688.0
005385.KS,KOR,Hyundai Motor Company,Consumer Cyclical,Auto Manufacturers,KRW,45925699420160.0
028260.KS,KOR,Samsung C&T Corporation,Industrials,Engineering & Construction,KRW,56617768845312.0
068270.KS,KOR,"Celltrion, Inc.",Healthcare,Biotechnology,KRW,41637531090944.0
032830.KS,KOR,"Samsung Life Insurance Co., Ltd.",Financial Services,Insurance - Life,KRW,51897113247744.0
017670.KS,KOR,"SK Telecom Co., Ltd.",Communication Services,Telecom Services,KRW,18834413060096.0
010950.KS,KOR,S-Oil Corporation,Energy,Oil & Gas Refining & Marketing,KRW,19349110784000.0
010130.KS,KOR,"Korea Zinc Company, Ltd.",Basic Materials,Other Industrial Metals & Mining,KRW,22024690860032.0
036460.KS,KOR,Korea Gas Corporation,Utilities,Utilities - Regulated Gas,KRW,3141915639808.0
278470.KS,KOR,"APR Co., Ltd.",Consumer Defensive,Household & Personal Products,KRW,13702365446144.0
18064K.KS,KOR,Hanjin Kal,Real Estate,Real Estate Services,KRW,2029573242880.0
000660.KS,KOR,SK hynix Inc.,Technology,Semiconductors,KRW,1309090059911168.0
005387.KS,KOR,Hyundai Motor Company,Consumer Cyclical,Auto Manufacturers,KRW,45820963454976.0
012450.KS,KOR,"Hanwha Aerospace Co., Ltd.",Industrials,Aerospace & Defense,KRW,55153101111296.0
196170.KQ,KOR,ALTEOGEN Inc.,Healthcare,Biotechnology,KRW,18051644784640.0
055550.KS,KOR,"Shinhan Financial Group Co., Ltd.",Financial Services,Banks - Regional,KRW,49346582151168.0
035720.KS,KOR,Kakao Corp.,Communication Services,Internet Content & Information,KRW,14800027385856.0
267250.KS,KOR,"HD Hyundai Co., Ltd.",Energy,Oil & Gas Refining & Marketing,KRW,14204354428928.0
051910.KS,KOR,"LG Chem, Ltd.",Basic Materials,Chemicals,KRW,20547215818752.0
475150.KS,KOR,"SK eternix Co., Ltd.",Utilities,Utilities - Renewable,KRW,1691995734016.0
090430.KS,KOR,Amorepacific Corporation,Consumer Defensive,Household & Personal Products,KRW,9146581647360.0
395400.KS,KOR,"SK Reits Co., Ltd.",Real Estate,REIT - Office,KRW,1604424040448.0
402340.KS,KOR,"SK Square Co., Ltd.",Technology,Semiconductors,KRW,152857953173504.0
005389.KS,KOR,Hyundai Motor Company,Consumer Cyclical,Auto Manufacturers,KRW,45244930326528.0
034020.KS,KOR,"Doosan Enerbility Co., Ltd.",Industrials,Specialty Industrial Machinery,KRW,51833670205440.0
0126Z0.KS,KOR,"Samsung Epis Holdings Co., Ltd.",Healthcare,Biotechnology,KRW,9082312327168.0
086790.KS,KOR,Hana Financial Group Inc.,Financial Services,Banks - Regional,KRW,34483545833472.0
030200.KS,KOR,KT Corporation,Communication Services,Telecom Services,KRW,12286062231552.0
096775.KS,KOR,"SK Innovation Co., Ltd.",Energy,Oil & Gas Refining & Marketing,KRW,12128971915264.0
051915.KS,KOR,"LG Chem, Ltd.",Basic Materials,Chemicals,KRW,9095567376384.0
071320.KS,KOR,Korea District Heating Corp.,Utilities,Utilities - Renewable,KRW,920510136320.0
003230.KS,KOR,"Samyang Foods Co., Ltd.",Consumer Defensive,Packaged Foods,KRW,9122479079424.0
330590.KS,KOR,"LOTTE REIT Co., Ltd.",Real Estate,REIT - Retail,KRW,1174658613248.0
009150.KS,KOR,"Samsung Electro-Mechanics Co., Ltd.",Technology,Electronic Components,KRW,119440196763648.0
000270.KS,KOR,Kia Corporation,Consumer Cyclical,Auto Manufacturers,KRW,43879264944128.0
329180.KS,KOR,"HD Hyundai Heavy Industries Co., Ltd.",Industrials,Aerospace & Defense,KRW,44701361111040.0
128940.KS,KOR,"Hanmi Pharm. Co., Ltd.",Healthcare,Drug Manufacturers - Specialty & Generic,KRW,6420690370560.0
000810.KS,KOR,"Samsung Fire & Marine Insurance Co., Ltd.",Financial Services,Insurance - Property & Casualty,KRW,26610956763136.0
259960.KS,KOR,"KRAFTON, Inc.",Communication Services,Electronic Gaming & Multimedia,KRW,8652579143680.0
010955.KS,KOR,S-Oil Corporation,Energy,Oil & Gas Refining & Marketing,KRW,9952318980096.0
011790.KS,KOR,"SKC Co., Ltd.",Basic Materials,Specialty Chemicals,KRW,5171083476992.0
004690.KS,KOR,"Samchully Co.,Ltd",Utilities,Utilities - Regulated Gas,KRW,440672026624.0
051900.KS,KOR,"LG H&H Co., Ltd.",Consumer Defensive,Household & Personal Products,KRW,4540887728128.0
451800.KS,KOR,"Hanwha REIT Co., Ltd.",Real Estate,REIT - Office,KRW,964452024320.0
009155.KS,KOR,"Samsung Electro-Mechanics Co., Ltd.",Technology,Electronic Components,KRW,39662303313920.0
012330.KS,KOR,"Hyundai Mobis Co.,Ltd",Consumer Cyclical,Auto Parts,KRW,33926544359424.0
006400.KS,KOR,"Samsung SDI Co., Ltd.",Industrials,Electrical Equipment & Parts,KRW,41628932767744.0
326030.KS,KOR,"SK Biopharmaceuticals Co., Ltd.",Healthcare,Biotechnology,KRW,5936144449536.0
316140.KS,KOR,Woori Financial Group Inc.,Financial Services,Banks - Regional,KRW,24389196185600.0
352820.KS,KOR,"HYBE Co., Ltd.",Communication Services,Entertainment,KRW,6583052926976.0
018670.KS,KOR,"SK Gas Co., Ltd.",Energy,Oil & Gas Refining & Marketing,KRW,2147246931968.0
004020.KS,KOR,Hyundai Steel Company,Basic Materials,Steel,KRW,3946372136960.0
130660.KS,KOR,"Korea Electric Power Industrial Development Co., Ltd",Utilities,Utilities - Regulated Electric,KRW,402609995776.0
271560.KS,KOR,ORION Corp.,Consumer Defensive,Confectioners,KRW,4162381414400.0
365550.KS,KOR,"ESR Kendall Square REIT Co., Ltd.",Real Estate,REIT - Industrial,KRW,762875871232.0
066570.KS,KOR,LG Electronics Inc.,Technology,Consumer Electronics,KRW,38752101597184.0
161390.KS,KOR,"Hankook Tire & Technology Co., Ltd.",Consumer Cyclical,Auto Parts,KRW,7307126112256.0
02826K.KS,KOR,Samsung C&T Corporation,Industrials,Engineering & Construction,KRW,36163372974080.0
000100.KS,KOR,Yuhan Corporation,Healthcare,Drug Manufacturers - Specialty & Generic,KRW,5540021272576.0
138040.KS,KOR,Meritz Financial Group Inc.,Financial Services,Capital Markets,KRW,20723156385792.0
036570.KS,KOR,NC Corporation,Communication Services,Electronic Gaming & Multimedia,KRW,4692866236416.0
006120.KS,KOR,"SK Discovery Co., Ltd.",Energy,Oil & Gas Refining & Marketing,KRW,1220586897408.0
002380.KS,KOR,KCC Corporation,Basic Materials,Chemicals,KRW,3471168765952.0
015360.KS,KOR,"INVENI Co., Ltd.",Utilities,Utilities - Regulated Gas,KRW,335155822592.0
161890.KS,KOR,"Kolmar Korea Co., Ltd.",Consumer Defensive,Household & Personal Products,KRW,3224453251072.0
293940.KS,KOR,"Shinhan Alpha REIT Co., Ltd.",Real Estate,REIT - Office,KRW,670008279040.0
042700.KS,KOR,"HANMI Semiconductor Co., Ltd.",Technology,Semiconductor Equipment & Materials,KRW,25800015347712.0
021240.KS,KOR,"COWAY Co., Ltd.",Consumer Cyclical,"Furnishings, Fixtures & Appliances",KRW,7125097512960.0
034730.KS,KOR,SK Inc.,Industrials,Conglomerates,KRW,31852463128576.0
000105.KS,KOR,Yuhan Corporation,Healthcare,Drug Manufacturers - Specialty & Generic,KRW,4748217942016.0
006800.KS,KOR,"Mirae Asset Securities Co., Ltd.",Financial Services,Capital Markets,KRW,18242168946688.0
251270.KS,KOR,Netmarble Corporation,Communication Services,Electronic Gaming & Multimedia,KRW,2832190930944.0
006125.KS,KOR,"SK Discovery Co., Ltd.",Energy,Oil & Gas Refining & Marketing,KRW,796192800768.0
357780.KQ,KOR,"Soulbrain Co., Ltd.",Basic Materials,Chemicals,KRW,3216635592704.0
389260.KQ,KOR,"Daemyoung Energy Co.,Ltd",Utilities,Utilities - Renewable,KRW,239541256192.0
192820.KS,KOR,"Cosmax, Inc.",Consumer Defensive,Household & Personal Products,KRW,3063328800768.0
448730.KS,KOR,"Samsung FN REIT Co., Ltd.",Real Estate,REIT - Office,KRW,457981493248.0
003550.KS,KOR,LG Corp.,Technology,Consumer Electronics,KRW,17131975475200.0
018880.KS,KOR,Hanon Systems,Consumer Cyclical,Auto Parts,KRW,3930542571520.0
010120.KS,KOR,"LS ELECTRIC Co., Ltd.",Industrials,Electrical Equipment & Parts,KRW,31170530115584.0
008930.KS,KOR,"Hanmi Science Co., Ltd.",Healthcare,Medical Distribution,KRW,3746638331904.0
000815.KS,KOR,"Samsung Fire & Marine Insurance Co., Ltd.",Financial Services,Insurance - Property & Casualty,KRW,17248196493312.0
263750.KQ,KOR,Pearl Abyss Corp.,Communication Services,Electronic Gaming & Multimedia,KRW,2036862681088.0
002960.KS,KOR,"Hankook Shell Oil Co.,Ltd.",Energy,Oil & Gas Refining & Marketing,KRW,673400029184.0
011780.KS,KOR,"Kumho Petro Chemical Co.,Ltd",Basic Materials,Specialty Chemicals,KRW,2982231408640.0
017390.KS,KOR,"Seoul City Gas Co., Ltd.",Utilities,Utilities - Regulated Gas,KRW,213875933184.0
097950.KS,KOR,CJ Cheiljedang Corporation,Consumer Defensive,Packaged Foods,KRW,2872956682240.0
357120.KS,KOR,Koramco Life Infra Reit,Real Estate,REIT - Diversified,KRW,401995005952.0
018260.KS,KOR,"Samsung SDS Co., Ltd.",Technology,Information Technology Services,KRW,16978365382656.0
IGN1L.VS,LTU,AB Ignitis grupe,Utilities,Utilities - Diversified,EUR,1585318144.0
TEL1L.VS,LTU,"Telia Lietuva, AB",Communication Services,Telecom Services,EUR,1299227264.0
ROE1L.VS,LTU,AB Artea bankas,Financial Services,Banks - Regional,EUR,580701248.0
AKO1L.VS,LTU,AB Akola Group,Industrials,Conglomerates,EUR,294071104.0
APG1L.VS,LTU,APB Apranga,Consumer Cyclical,Apparel Retail,EUR,212874048.0
KNE1L.VS,LTU,AB KN Energies,Energy,Oil & Gas Midstream,EUR,184111936.0
VLP1L.VS,LTU,AB Vilkyskiu pienine,Consumer Defensive,Packaged Foods,EUR,183325056.0
GRG1L.VS,LTU,Grigeo Group AB,Basic Materials,Paper & Paper Products,EUR,135476400.0
INR1L.VS,LTU,Special Closed-Ended Type Real Estate Investment Company INVL BALTIC REAL ESTATE,Real Estate,Real Estate Services,EUR,23481452.0
LGD1L.VS,LTU,Litgrid AB,Utilities,Utilities - Regulated Electric,EUR,577459456.0
IVL1L.VS,LTU,"Invalda INVL, AB",Financial Services,Asset Management,EUR,340919616.0
VBL1L.VS,LTU,Vilniaus Baldai AB,Consumer Cyclical,"Furnishings, Fixtures & Appliances",EUR,38474040.0
RSU1L.VS,LTU,Rokiskio Suris AB,Consumer Defensive,Packaged Foods,EUR,142646352.0
INL1L.VS,LTU,AB INVL Baltic Farmland,Real Estate,Real Estate Services,EUR,23245272.0
AMG1L.VS,LTU,AB Amber Grid,Utilities,Utilities - Regulated Gas,EUR,215842848.0
INC1L.VS,LTU,INVL Technology UTIB,Financial Services,Asset Management,EUR,58454592.0
NTU1L.VS,LTU,Novaturas AB,Consumer Cyclical,Travel Services,EUR,5766746.0
ZMP1L.VS,LTU,AB Zemaitijos pienas,Consumer Defensive,Packaged Foods,EUR,117178624.0
KNR1L.VS,LTU,AB Kauno Energija,Utilities,Utilities - Renewable,EUR,89884496.0
UTR1L.VS,LTU,Utenos Trikotazas AB,Consumer Cyclical,Apparel Manufacturing,EUR,3383068.0
PZV1L.VS,LTU,AB Pieno Zvaigzdes,Consumer Defensive,Packaged Foods,EUR,81467624.0
AUG1L.VS,LTU,Auga Group AB,Consumer Defensive,Farm Products,EUR,19873286.0
SUBC.OL,LUX,Subsea 7 S.A.,Energy,Oil & Gas Equipment & Services,NOK,94682554368.0
MT.AS,LUX,ArcelorMittal S.A.,Basic Materials,Steel,EUR,42467799040.0
TIGO,LUX,Millicom International Cellular S.A.,Communication Services,Telecom Services,USD,14812146688.0
ERF.PA,LUX,Eurofins Scientific SE,Healthcare,Diagnostics & Research,EUR,12966884352.0
GLOB,LUX,Globant S.A.,Technology,Information Technology Services,USD,1515602304.0
TEN.MI,LUX,Tenaris S.A.,Energy,Oil & Gas Equipment & Services,EUR,25331861504.0
TX,LUX,Ternium S.A.,Basic Materials,Steel,USD,11112977408.0
RRTL.DE,LUX,RTL Group S.A.,Communication Services,Broadcasting,EUR,4330345984.0
APAM.AS,LUX,Aperam S.A.,Basic Materials,Steel,EUR,3018841344.0
SESG.PA,LUX,SES S.A.,Communication Services,Broadcasting,EUR,1694198016.0
IDX1R.RG,LVA,IPAS Indexo AS,Financial Services,Asset Management,EUR,100884544.0
VIRSI.RG,LVA,AS Virsi-A,Consumer Cyclical,Specialty Retail,EUR,67090132.0
SAF1R.RG,LVA,SAF Tehnika A/S,Technology,Communication Equipment,EUR,49007968.0
MDARA.RG,LVA,AS MADARA Cosmetics,Consumer Defensive,Household & Personal Products,EUR,39795356.0
RKB1R.RG,LVA,AS Rigas kugu buvetava,Industrials,Aerospace & Defense,EUR,3851796.0
DGR1R.RG,LVA,DelfinGroup AS,Financial Services,Credit Services,EUR,73438104.0
EGG.RG,LVA,AS Agrova Baltics,Consumer Defensive,Farm Products,EUR,38663528.0
KALVE.RG,LVA,AS Kalve Coffee,Consumer Defensive,Packaged Foods,EUR,14755570.0
BAL1R.RG,LVA,AS Amber Latvijas balzams,Consumer Defensive,Beverages - Wineries & Distilleries,EUR,9858424.0
SCM1R.RG,LVA,AS Siguldas Ciltslietu Un Maksligas Apseklosanas Stacija,Consumer Defensive,Farm Products,EUR,2471274.0
FEMSAUBD.MX,MEX,"Fomento Económico Mexicano, S.A.B. de C.V.",Consumer Defensive,Beverages - Brewers,MXN,865660305408.0
FCFE18.MX,MEX,Fideicomiso Irrevocable Numero Cib/2919 (Cfe Fibra E),,,MXN,
GMEXICOB.MX,MEX,"Grupo México, S.A.B. de C.V.",Basic Materials,Other Industrial Metals & Mining,MXN,1818559905792.0
AMXB.MX,MEX,"América Móvil, S.A.B. de C.V.",Communication Services,Telecom Services,MXN,1156723638272.0
GFNORTEO.MX,MEX,"Grupo Financiero Banorte, S.A.B. de C.V.",Financial Services,Banks - Regional,MXN,527078064128.0
GCARSOA1.MX,MEX,"Grupo Carso, S.A.B. de C.V.",Industrials,Conglomerates,MXN,312184373248.0
LIVEPOL1.MX,MEX,"El Puerto de Liverpool, S.A.B. de C.V.",Consumer Cyclical,Department Stores,MXN,152876138496.0
VISTAA.MX,MEX,"Vista Energy, S.A.B. de C.V.",Energy,Oil & Gas E&P,MXN,129299587072.0
FIBRAPL14.MX,MEX,FIBRA Prologis,Real Estate,REIT - Industrial,MXN,126700109824.0
FRAGUAB.MX,MEX,"Corporativo Fragua, S.A.B. de C.V.",Healthcare,Pharmaceutical Retailers,MXN,40739696640.0
WALMEX.MX,MEX,"Wal-Mart de México, S.A.B. de C.V.",Consumer Defensive,Discount Stores,MXN,793852641280.0
FRES.MX,MEX,Fresnillo plc,Basic Materials,Other Precious Metals & Mining,MXN,492318588928.0
TLEVISACPO.MX,MEX,"Grupo Televisa, S.A.B.",Communication Services,Telecom Services,MXN,21635813376.0
GFINBURO.MX,MEX,"Grupo Financiero Inbursa, S.A.B. de C.V.",Financial Services,Banks - Regional,MXN,246463168512.0
GAPB.MX,MEX,"Grupo Aeroportuario del Pacífico, S.A.B. de C.V.",Industrials,Airports & Air Services,MXN,216765120512.0
LIVEPOLC-1.MX,MEX,"El Puerto de Liverpool, S.A.B. de C.V.",Consumer Cyclical,Department Stores,MXN,136595292160.0
ESENTIAII.MX,MEX,"Esentia Energy Development, S. de R. L. de C. V.",Energy,Oil & Gas Midstream,MXN,27234865152.0
FUNO11.MX,MEX,Fibra UNO,Real Estate,REIT - Diversified,MXN,113747902464.0
LABB.MX,MEX,"Genomma Lab Internacional, S.A.B. de C.V.",Healthcare,Drug Manufacturers - Specialty & Generic,MXN,12544566272.0
FEMSAUB.MX,MEX,"Fomento Económico Mexicano, S.A.B. de C.V.",Consumer Defensive,Beverages - Brewers,MXN,655601631232.0
PE&OLES.MX,MEX,"Industrias Peñoles, S.A.B. de C.V.",Basic Materials,Other Industrial Metals & Mining,MXN,350975066112.0
CIEB.MX,MEX,"Corporación Interamericana de Entretenimiento, S.A.B. de C.V.",Communication Services,Entertainment,MXN,17894240256.0
FPLUS16.MX,MEX,Fibra Plus,Financial Services,Banks - Regional,MXN,110375378944.0
ASURB.MX,MEX,"Grupo Aeroportuario del Sureste, S. A. B. de C. V.",Industrials,Airports & Air Services,MXN,127614001152.0
SORIANAB.MX,MEX,"Organización Soriana, S. A. B. de C. V.",Consumer Cyclical,Department Stores,MXN,60158410752.0
EDUCA18.MX,MEX,"Fideicomiso Irrevocable No. F/3277 en Banco Invex, S. A. Institución de Banca Múltiple, INVEX Grupo",Real Estate,REIT - Specialty,MXN,63229284352.0
MEDICAB.MX,MEX,"Médica Sur, S.A.B. de C.V.",Healthcare,Medical Care Facilities,MXN,4931675136.0
KOFUBL.MX,MEX,"Coca-Cola FEMSA, S.A.B. de C.V.",Consumer Defensive,Beverages - Non-Alcoholic,MXN,419419684864.0
CEMEXCPO.MX,MEX,"CEMEX, S.A.B. de C.V.",Basic Materials,Building Materials,MXN,251362328576.0
SPORTS.MX,MEX,"Grupo Sports World, S.A.B. de C.V.",Communication Services,Entertainment,MXN,2010972800.0
FHIPO14.MX,MEX,Fideicomiso Irrevocable F/2061 FHipo,Financial Services,Banks - Regional,MXN,69189525504.0
PINFRA.MX,MEX,"Promotora y Operadora de Infraestructura, S. A. B. de C. V.",Industrials,Infrastructure Operations,MXN,101873991680.0
ALSEA.MX,MEX,"Alsea, S.A.B. de C.V.",Consumer Cyclical,Restaurants,MXN,36078260224.0
VESTA.MX,MEX,"Corporación Inmobiliaria Vesta, S.A.B. de C.V.",Real Estate,Real Estate - Diversified,MXN,54912294912.0
AC.MX,MEX,"Arca Continental, S.A.B. de C.V.",Consumer Defensive,Beverages - Non-Alcoholic,MXN,332506005504.0
MFRISCOA-1.MX,MEX,"Minera Frisco, S.A.B. de C.V.",Basic Materials,Other Industrial Metals & Mining,MXN,116139220992.0
BBAJIOO.MX,MEX,"Banco del Bajío, S.A., Institución de Banca Múltiple",Financial Services,Banks - Regional,MXN,67814207488.0
OMAB.MX,MEX,"Grupo Aeroportuario del Centro Norte, S.A.B. de C.V.",Industrials,Airports & Air Services,MXN,82505097216.0
GIGANTE.MX,MEX,"Grupo Gigante, S. A. B. de C. V.",Consumer Cyclical,Specialty Retail,MXN,31318145024.0
DANHOS13.MX,MEX,Fibra Danhos,Real Estate,REIT - Diversified,MXN,46443245568.0
BIMBOA.MX,MEX,"Grupo Bimbo, S.A.B. de C.V.",Consumer Defensive,Packaged Foods,MXN,236510445568.0
SIMECB.MX,MEX,"Grupo Simec, S.A.B. de C.V.",Basic Materials,Steel,MXN,80543088640.0
Q.MX,MEX,"Quálitas Controladora, S.A.B. de C.V.",Financial Services,Insurance - Property & Casualty,MXN,59445813248.0
PINFRAL.MX,MEX,"Promotora y Operadora de Infraestructura, S. A. B. de C. V.",Industrials,Infrastructure Operations,MXN,74148438016.0
NEMAKA.MX,MEX,"Nemak, S. A. B. de C. V.",Consumer Cyclical,Auto Parts,MXN,8517204480.0
FIBRAMQ12.MX,MEX,FIBRA Macquarie México,Real Estate,REIT - Industrial,MXN,35655766016.0
TBBBN.MX,MEX,BBB Foods Inc.,Consumer Defensive,Discount Stores,MXN,115137454080.0
CMOCTEZ.MX,MEX,"Corporación Moctezuma, S.A.B. de C.V.",Basic Materials,Building Materials,MXN,71993229312.0
GENTERA.MX,MEX,"Gentera, S.A.B. de C.V.",Financial Services,Credit Services,MXN,58558365696.0
SITES1A-1.MX,MEX,"Operadora de Sites Mexicanos, S.A.B. de C.V.",Industrials,Engineering & Construction,MXN,48385646592.0
ARA.MX,MEX,"Consorcio ARA, S. A. B. de C. V.",Consumer Cyclical,Residential Construction,MXN,6440469504.0
FNOVA17.MX,MEX,Fibra Nova,Real Estate,REIT - Diversified,MXN,14100617216.0
KIMBERA.MX,MEX,"Kimberly-Clark de México, S. A. B. de C. V.",Consumer Defensive,Household & Personal Products,MXN,112831905792.0
ICHB.MX,MEX,"Industrias CH, S. A. B. de C. V.",Basic Materials,Steel,MXN,71832248320.0
RA.MX,MEX,Regional S.A.B. de C.V.,Financial Services,Banks - Regional,MXN,36995391488.0
AERO.MX,MEX,"Grupo Aeroméxico, S.A.B. de C.V.",Industrials,Airlines,MXN,40721641472.0
GISSAA.MX,MEX,"Grupo Industrial Saltillo, S.A.B. de C.V.",Consumer Cyclical,Auto Parts,MXN,3893669632.0
VINTE.MX,MEX,"Vinte Viviendas Integrales, S.A.B. de C.V.",Real Estate,Real Estate - Development,MXN,9605564416.0
KIMBERB.MX,MEX,"Kimberly-Clark de México, S. A. B. de C. V.",Consumer Defensive,Household & Personal Products,MXN,111121424384.0
GCC.MX,MEX,"GCC, S.A.B. de C.V.",Basic Materials,Building Materials,MXN,57757036544.0
FMTY14.MX,MEX,"Fibra Mty, S.A.P.I. de C.V.",Financial Services,Banks - Regional,MXN,35440095232.0
ORBIA.MX,MEX,"Orbia Advance Corporation, S.A.B. de C.V.",Industrials,Conglomerates,MXN,39064600576.0
HOTEL.MX,MEX,"Grupo Hotelero Santa Fe, S.A.B. de C.V.",Consumer Cyclical,Lodging,MXN,3635182080.0
FSHOP13.MX,MEX,Fibra Shop,Real Estate,REIT - Retail,MXN,7294686208.0
SIGMAFA.MX,MEX,"Sigma Foods, S.A.B. de C.V.",Consumer Defensive,Packaged Foods,MXN,99980296192.0
ALPEKA.MX,MEX,"ALPEK, S.A.B. de C.V.",Basic Materials,Specialty Chemicals,MXN,30958968832.0
FVIA16.MX,MEX,"Infraestructura Viable, S.A. de C.V.",Financial Services,Banks - Regional,MXN,35126108160.0
LASITE.MX,MEX,"Sitios Latinoamérica, S.A.B. de C.V.",Industrials,Engineering & Construction,MXN,34067521536.0
HCITY.MX,MEX,"Promotora de Hoteles Norte 19, S.A.B. de C.V.",Consumer Cyclical,Lodging,MXN,2271923200.0
FIHO12.MX,MEX,FibraHotel,Real Estate,REIT - Hotel & Motel,MXN,5934740992.0
CHDRAUIB.MX,MEX,"Grupo Comercial Chedraui, S.A.B. de C.V.",Consumer Defensive,Grocery Stores,MXN,82111012864.0
CYDSASAA.MX,MEX,"Cydsa, S.A.B. de C.V.",Basic Materials,Chemicals,MXN,14125955072.0
GBMO.MX,MEX,"Corporativo GBM, S.A.B. de C.V.",Financial Services,Capital Markets,MXN,26991671296.0
VOLARA.MX,MEX,"Controladora Vuela Compañía de Aviación, S.A.B. de C.V.",Industrials,Airlines,MXN,13667718144.0
CIDMEGA.MX,MEX,"Grupe, S.A.B. de C.V.",Consumer Cyclical,Resorts & Casinos,MXN,1209141760.0
GICSAB.MX,MEX,Grupo Gicsa S.A.B. de C.V.,Real Estate,Real Estate - Diversified,MXN,3780310272.0
GRUMAB.MX,MEX,"Gruma, S.A.B. de C.V.",Consumer Defensive,Packaged Foods,MXN,79808905216.0
AUTLANB.MX,MEX,"Compañía Minera Autlán, S.A.B. de C.V.",Basic Materials,Other Industrial Metals & Mining,MXN,2338435072.0
BOLSAA.MX,MEX,"Bolsa Mexicana de Valores, S.A.B. de C.V.",Financial Services,Financial Data & Stock Exchanges,MXN,21153501184.0
TRAXIONA.MX,MEX,"Grupo Traxión, S.A.B. de C.V.",Industrials,Railroads,MXN,7216625664.0
CMRB.MX,MEX,"CMR, S.A.B. de C.V.",Consumer Cyclical,Restaurants,MXN,746016832.0
FINN13.MX,MEX,Fideicomiso Irrevocable db/1616,Real Estate,REIT - Hotel & Motel,MXN,3387196672.0
CUERVO.MX,MEX,"Becle, S.A.B. de C.V.",Consumer Defensive,Beverages - Wineries & Distilleries,MXN,50384199680.0
VITROA.MX,MEX,"Vitro, S.A.B. de C.V.",Basic Materials,Building Materials,MXN,2115122560.0
INVEXA.MX,MEX,"INVEX Controladora, S.A.B. de C.V.",Financial Services,Capital Markets,MXN,17052515328.0
AGUA.MX,MEX,Grupo Rotoplas S.A.B. de C.V.,Industrials,Building Products & Equipment,MXN,7027329024.0
VASCONI.MX,MEX,"Grupo Vasconia, S.A.B.",Consumer Cyclical,"Furnishings, Fixtures & Appliances",MXN,385138848.0
CADUA.MX,MEX,"Corpovael, S.A.B. de C.V.",Real Estate,Real Estate - Development,MXN,2165521152.0
BAFARB.MX,MEX,"Grupo Bafar, S.A.B. de C.V.",Consumer Defensive,Packaged Foods,MXN,35522478080.0
POCHTECB.MX,MEX,"Grupo Pochteca, S.A.B. de C.V.",Basic Materials,Specialty Chemicals,MXN,832730688.0
ACTINVRB.MX,MEX,"Corporación Actinver, S. A. B. de C. V.",Financial Services,Capital Markets,MXN,11315477504.0
PASAB.MX,MEX,"Promotora Ambiental, S.A.B. de C.V.",Industrials,Waste Management,MXN,5299653632.0
CONVERA.MX,MEX,"Convertidora Industrial, S.A.B. de C.V.",Consumer Cyclical,Packaging & Containers,MXN,228511328.0
FIBRAHD15.MX,MEX,Fideicomiso Irrevocable No. F/1523,Real Estate,REIT - Diversified,MXN,1938571776.0
KUOA.MX,MEX,"Kuo, S.A.B. de C.V.",Consumer Defensive,Packaged Foods,MXN,22063519744.0
TEAKCPO.MX,MEX,"Proteak Uno, S.A.B. de C.V.",Basic Materials,Lumber & Wood Production,MXN,147397008.0
PV.MX,MEX,"Peña Verde, S.A.B.",Financial Services,Insurance - Diversified,MXN,3813425664.0
TMMA.MX,MEX,"Grupo TMM, S.A.B.",Industrials,Marine Shipping,MXN,1858990720.0
LACOMERUBC.MX,MEX,"La Comer, S.A.B. de C.V.",Consumer Cyclical,Department Stores,MXN,
KUOB.MX,MEX,"Kuo, S.A.B. de C.V.",Consumer Defensive,Packaged Foods,MXN,21410752512.0
ASML.AS,NLD,ASML Holding N.V.,Technology,Semiconductor Equipment & Materials,EUR,636146417664.0
INGA.AS,NLD,ING Groep N.V.,Financial Services,Banks - Diversified,EUR,87981408256.0
PRX.AS,NLD,Prosus N.V.,Consumer Cyclical,Internet Retail,EUR,73237315584.0
HEIA.AS,NLD,Heineken N.V.,Consumer Defensive,Beverages - Brewers,EUR,39057174528.0
UMG.AS,NLD,Universal Music Group N.V.,Communication Services,Entertainment,EUR,25165957120.0
PHIA.AS,NLD,Koninklijke Philips N.V.,Healthcare,Medical Devices,EUR,20809431040.0
WKL.AS,NLD,Wolters Kluwer N.V.,Industrials,Specialty Business Services,EUR,15241390080.0
AKZA.AS,NLD,Akzo Nobel N.V.,Basic Materials,Specialty Chemicals,EUR,9989191680.0
CTPNV.AS,NLD,CTP N.V.,Real Estate,Real Estate - Development,EUR,6205745664.0
VPK.AS,NLD,Koninklijke Vopak N.V.,Energy,Oil & Gas Midstream,EUR,5707490304.0
NSE.AS,NLD,New Sources Energy N.V.,Utilities,Utilities - Renewable,EUR,3905522.0
ASM.AS,NLD,ASM International NV,Technology,Semiconductor Equipment & Materials,EUR,46132097024.0
ABN.AS,NLD,ABN AMRO Bank N.V.,Financial Services,Banks - Diversified,EUR,34284347392.0
BFIT.AS,NLD,Basic-Fit N.V.,Consumer Cyclical,Leisure,EUR,1815632384.0
AD.AS,NLD,Koninklijke Ahold Delhaize N.V.,Consumer Defensive,Grocery Stores,EUR,27785629696.0
KPN.AS,NLD,Koninklijke KPN N.V.,Communication Services,Telecom Services,EUR,14933829632.0
PHARM.AS,NLD,Pharming Group N.V.,Healthcare,Biotechnology,EUR,621715072.0
RAND.AS,NLD,Randstad N.V.,Industrials,Staffing & Employment Services,EUR,6144282112.0
IMCD.AS,NLD,IMCD N.V.,Basic Materials,Specialty Chemicals,EUR,5636454912.0
NRP.AS,NLD,NEPI Rockcastle N.V.,Real Estate,Real Estate - Diversified,EUR,5379009536.0
SBMO.AS,NLD,SBM Offshore N.V.,Energy,Oil & Gas Equipment & Services,EUR,5695526400.0
ADYEN.AS,NLD,Adyen N.V.,Technology,Software - Infrastructure,EUR,27027388416.0
EXO.AS,NLD,Exor N.V.,Financial Services,Asset Management,EUR,22384250880.0
FAST.AS,NLD,Fastned B.V.,Consumer Cyclical,Specialty Retail,EUR,1779241984.0
HEIO.AS,NLD,Heineken Holding N.V.,Consumer Defensive,Beverages - Brewers,EUR,17994403840.0
AJAX.AS,NLD,AFC Ajax NV,Communication Services,Entertainment,EUR,151066656.0
AALB.AS,NLD,Aalberts N.V.,Industrials,Specialty Industrial Machinery,EUR,4570085888.0
CRBN.AS,NLD,Corbion N.V.,Basic Materials,Specialty Chemicals,EUR,1251045376.0
ECMPA.AS,NLD,Eurocommercial Properties N.V.,Real Estate,REIT - Retail,EUR,1395280896.0
FUR.AS,NLD,Fugro N.V.,Energy,Oil & Gas Equipment & Services,EUR,873418048.0
BESI.AS,NLD,BE Semiconductor Industries N.V.,Technology,Semiconductor Equipment & Materials,EUR,16324281344.0
NN.AS,NLD,NN Group N.V.,Financial Services,Insurance - Diversified,EUR,20064563200.0
CABKA.AS,NLD,Cabka N.V.,Consumer Cyclical,Packaging & Containers,EUR,48376340.0
MICC.AS,NLD,The Magnum Ice Cream Company N.V.,Consumer Defensive,Packaged Foods,EUR,9251373056.0
AZRN.AS,NLD,Azerion Group N.V.,Communication Services,Electronic Gaming & Multimedia,EUR,92943992.0
ARCAD.AS,NLD,Arcadis NV,Industrials,Engineering & Construction,EUR,3382686208.0
AMG.AS,NLD,AMG Critical Materials N.V.,Basic Materials,Other Industrial Metals & Mining,EUR,1028438272.0
WHA.AS,NLD,Wereldhave N.V.,Real Estate,REIT - Retail,EUR,777055808.0
TWEKA.AS,NLD,TKH Group N.V.,Technology,Communication Equipment,EUR,2153736960.0
ASRNL.AS,NLD,ASR Nederland N.V.,Financial Services,Insurance - Diversified,EUR,14507538432.0
EBUS.AS,NLD,Ebusco Holding N.V.,Consumer Cyclical,Auto Manufacturers,EUR,44466844.0
ACOMO.AS,NLD,Acomo N.V.,Consumer Defensive,Food Distribution,EUR,680204352.0
BAMNB.AS,NLD,Koninklijke BAM Groep nv,Industrials,Engineering & Construction,EUR,3147852800.0
OCI.AS,NLD,OCI N.V.,Basic Materials,Agricultural Inputs,EUR,862021568.0
NSI.AS,NLD,NSI N.V.,Real Estate,REIT - Office,EUR,317410048.0
NEDAP.AS,NLD,Nedap N.V.,Technology,Information Technology Services,EUR,608840512.0
AGN.AS,NLD,Aegon Ltd.,Financial Services,Insurance - Diversified,EUR,11265688576.0
ALX.AS,NLD,Alumexx N.V.,Consumer Cyclical,Internet Retail,EUR,19596092.0
FFARM.AS,NLD,ForFarmers N.V.,Consumer Defensive,Packaged Foods,EUR,516147168.0
HEIJM.AS,NLD,Koninklijke Heijmans N.V.,Industrials,Engineering & Construction,EUR,2354865152.0
AVTX.AS,NLD,Avantium N.V.,Basic Materials,Specialty Chemicals,EUR,123764992.0
BEVER.AS,NLD,Bever Holding NV,Real Estate,Real Estate - Diversified,EUR,47761132.0
TOM2.AS,NLD,TomTom N.V.,Technology,Software - Application,EUR,458899584.0
VLK.AS,NLD,Van Lanschot Kempen NV,Financial Services,Banks - Regional,EUR,2845835264.0
SLIGR.AS,NLD,Sligro Food Group N.V.,Consumer Defensive,Food Distribution,EUR,419057504.0
LIGHT.AS,NLD,Signify N.V.,Industrials,Electrical Equipment & Parts,EUR,1814345600.0
HOLCO.AS,NLD,Holland Colours N.V.,Basic Materials,Specialty Chemicals,EUR,66677204.0
NAI.AS,NLD,New Amsterdam Invest N.V.,Real Estate,Real Estate Services,EUR,46126936.0
CMCOM.AS,NLD,CM.com N.V.,Technology,Software - Application,EUR,224898784.0
FLOW.AS,NLD,Flow Traders Ltd.,Financial Services,Capital Markets,EUR,1164357504.0
PORF.AS,NLD,"B.V. Delftsch Aardewerkfabriek ""De Porceleyne Fles Anno 1653""",Consumer Defensive,Household & Personal Products,EUR,15037414.0
PNL.AS,NLD,PostNL N.V.,Industrials,Integrated Freight & Logistics,EUR,422459264.0
EARTH.AS,NLD,Green Earth Group N.V.,Basic Materials,Lumber & Wood Production,EUR,12495357.0
ERC.AS,NLD,ER Capital N.V.,Real Estate,Real Estate Services,EUR,36756428.0
CTAC.AS,NLD,Ctac N.V.,Technology,Information Technology Services,EUR,36787460.0
TRIO.AS,NLD,Triodos Bank N.V.,Financial Services,Banks - Regional,EUR,530940960.0
BRNL.AS,NLD,Brunel International N.V.,Industrials,Staffing & Employment Services,EUR,352330176.0
AMUND.AS,NLD,Almunda Professionals N.V.,Technology,Information Technology Services,EUR,22495540.0
VALUE.AS,NLD,Value8 N.V.,Financial Services,Asset Management,EUR,61464884.0
HYDRA.AS,NLD,Hydratec Industries NV,Industrials,Farm & Heavy Construction Machinery,EUR,311963520.0
EAS2P.AS,NLD,Ease2pay N.V.,Technology,Software - Infrastructure,EUR,12806966.0
HWK.AS,NLD,Hawick Data N.V.,Financial Services,Asset Management,EUR,8884315.0
KENDR.AS,NLD,Kendrion N.V.,Industrials,Specialty Industrial Machinery,EUR,309197664.0
NEDSE.AS,NLD,MKB Nedsense N.V.,Financial Services,Asset Management,EUR,8120000.0
ALFEN.AS,NLD,Alfen N.V.,Industrials,Electrical Equipment & Parts,EUR,261199920.0
LVIDE.AS,NLD,Lavide Holding N.V.,Financial Services,Shell Companies,EUR,5114494.0
ENVI.AS,NLD,Envipco Holding N.V.,Industrials,Pollution & Treatment Controls,EUR,240238512.0
PREVA.AS,NLD,Value8 N.V.,Financial Services,Asset Management,EUR,
NXFIL.AS,NLD,NX Filtration N.V.,Industrials,Pollution & Treatment Controls,EUR,191034112.0
SIFG.AS,NLD,Sif Holding N.V.,Industrials,Metal Fabrication,EUR,86975864.0
PKN.WA,POL,Orlen S.A.,Energy,Oil & Gas Integrated,PLN,171587239936.0
PKO.WA,POL,Powszechna Kasa Oszczednosci Bank Polski Spólka Akcyjna,Financial Services,Banks - Regional,PLN,146875006976.0
KGH.WA,POL,KGHM Polska Miedz S.A.,Basic Materials,Copper,PLN,68500000768.0
LPP.WA,POL,LPP SA,Consumer Cyclical,Apparel Manufacturing,PLN,45798563840.0
PGE.WA,POL,PGE Polska Grupa Energetyczna S.A.,Utilities,Utilities - Regulated Electric,PLN,34710241280.0
DNP.WA,POL,Dino Polska S.A.,Consumer Defensive,Grocery Stores,PLN,33186539520.0
CDR.WA,POL,CD Projekt Red S.A.,Communication Services,Electronic Gaming & Multimedia,PLN,25337307136.0
ACP.WA,POL,Asseco Poland S.A.,Technology,Software - Application,PLN,17937694720.0
BDX.WA,POL,Budimex SA,Industrials,Engineering & Construction,PLN,17253240832.0
DOM.WA,POL,Dom Development S.A.,Real Estate,Real Estate - Development,PLN,5843342336.0
DIA.WA,POL,Diagnostyka S.A.,Healthcare,Diagnostics & Research,PLN,5431420416.0
JSW.WA,POL,Jastrzebska Spólka Weglowa S.A.,Energy,Thermal Coal,PLN,3766564352.0
EBP.WA,POL,Erste Bank Polska S.A.,Financial Services,Banks - Regional,PLN,78133944320.0
KTY.WA,POL,Grupa Kety S.A.,Basic Materials,Aluminum,PLN,12404147200.0
BFT.WA,POL,Benefit Systems S.A.,Consumer Cyclical,Leisure,PLN,16818808832.0
ENG.WA,POL,Energa SA,Utilities,Utilities - Regulated Electric,PLN,18943571968.0
TAR.WA,POL,Tarczynski S.A.,Consumer Defensive,Packaged Foods,PLN,1361632256.0
OPL.WA,POL,Orange Polska S.A.,Communication Services,Telecom Services,PLN,19980644352.0
ASE.WA,POL,Asseco South Eastern Europe S.A.,Technology,Software - Application,PLN,3866121728.0
NWG.WA,POL,Newag S.A.,Industrials,Railroads,PLN,4671000064.0
DVL.WA,POL,Develia S.A.,Real Estate,Real Estate - Development,PLN,4026391808.0
NEU.WA,POL,NEUCA S.A.,Healthcare,Medical Distribution,PLN,3224757760.0
LWB.WA,POL,Lubelski Wegiel Bogdanka S.A.,Energy,Thermal Coal,PLN,874149312.0
PEO.WA,POL,Bank Polska Kasa Opieki S.A.,Financial Services,Banks - Regional,PLN,69554561024.0
ATT.WA,POL,Grupa Azoty S.A.,Basic Materials,Agricultural Inputs,PLN,1864875136.0
CAR.WA,POL,Inter Cars S.A.,Consumer Cyclical,Auto Parts,PLN,12980760576.0
TPE.WA,POL,TAURON Polska Energia S.A.,Utilities,Utilities - Renewable,PLN,16263657472.0
WWL.WA,POL,Wawel S.A.,Consumer Defensive,Confectioners,PLN,909459584.0
CPS.WA,POL,Cyfrowy Polsat S.A.,Communication Services,Entertainment,PLN,9317904384.0
CBF.WA,POL,cyber_Folks S.A.,Technology,Information Technology Services,PLN,3780774144.0
GPP.WA,POL,Grupa Pracuj S.A.,Industrials,Staffing & Employment Services,PLN,3830739456.0
ARH.WA,POL,Archicom S.A.,Real Estate,Real Estate - Development,PLN,2913102848.0
SNT.WA,POL,Synektik Spólka Akcyjna,Healthcare,Medical Devices,PLN,2882845696.0
BMC.WA,POL,Bumech S.A.,Energy,Thermal Coal,PLN,200700000.0
PZU.WA,POL,Powszechny Zaklad Ubezpieczen SA,Financial Services,Insurance - Property & Casualty,PLN,60550234112.0
PCR.WA,POL,PCC Rokita SA,Basic Materials,Chemicals,PLN,1326929664.0
MDV.WA,POL,Modivo S.A.,Consumer Cyclical,Apparel Retail,PLN,6755170816.0
ENA.WA,POL,ENEA S.A.,Utilities,Utilities - Regulated Electric,PLN,10880676864.0
EUR.WA,POL,Eurocash S.A.,Consumer Defensive,Grocery Stores,PLN,735477888.0
WPL.WA,POL,Wirtualna Polska Holding S.A.,Communication Services,Advertising Agencies,PLN,1729944704.0
VRC.WA,POL,Vercom S.A.,Technology,Software - Application,PLN,2844726016.0
CRI.WA,POL,Creotech Instruments S.A.,Industrials,Aerospace & Defense,PLN,2557494784.0
MLG.WA,POL,MLP Group S.A.,Real Estate,Real Estate Services,PLN,2795415296.0
VOX.WA,POL,Voxel S.A.,Healthcare,Diagnostics & Research,PLN,1518675968.0
ONC.WA,POL,ONICO S.A.,Energy,Oil & Gas Refining & Marketing,PLN,16176166.0
ING.WA,POL,ING Bank Slaski S.A.,Financial Services,Banks - Regional,PLN,59585798144.0
COG.WA,POL,Cognor Holding S.A.,Basic Materials,Steel,PLN,1250828672.0
APR.WA,POL,Auto Partner SA,Consumer Cyclical,Auto Parts,PLN,3820634880.0
PEP.WA,POL,Polenergia S.A.,Utilities,Utilities - Independent Power Producers,PLN,4061714688.0
GOB.WA,POL,Gobarto S.A.,Consumer Defensive,Farm Products,PLN,569904704.0
DIG.WA,POL,Digital Network SA,Communication Services,Advertising Agencies,PLN,1689383424.0
ABS.WA,POL,Asseco Business Solutions S.A.,Technology,Software - Application,PLN,2837467648.0
MNC.WA,POL,Mennica Polska S.A.,Industrials,Metal Fabrication,PLN,1988938496.0
1AT.WA,POL,Atal S.A.,Real Estate,Real Estate - Development,PLN,2599959040.0
CLN.WA,POL,Celon Pharma S.A.,Healthcare,Drug Manufacturers - Specialty & Generic,PLN,1015692672.0
MBK.WA,POL,mBank S.A.,Financial Services,Banks - Regional,PLN,59332997120.0
SEL.WA,POL,Selena FM S.A.,Basic Materials,Specialty Chemicals,PLN,1190154240.0
RBW.WA,POL,Rainbow Tours S.A.,Consumer Cyclical,Travel Services,PLN,1804448000.0
KGN.WA,POL,Zespól Elektrocieplowni Wroclawskich KOGENERACJA S.A.,Utilities,Utilities - Regulated Electric,PLN,1117500032.0
AMB.WA,POL,Ambra S.A.,Consumer Defensive,Beverages - Wineries & Distilleries,PLN,505393184.0
PLW.WA,POL,PlayWay S.A.,Communication Services,Electronic Gaming & Multimedia,PLN,1569842944.0
ABE.WA,POL,AB S.A.,Technology,Electronics & Computer Distribution,PLN,2418098432.0
PXM.WA,POL,Polimex-Mostostal S.A.,Industrials,Engineering & Construction,PLN,1880055296.0
ECH.WA,POL,Echo Investment S.A.,Real Estate,Real Estate - Diversified,PLN,2269798144.0
ICE.WA,POL,Medinice S.A.,Healthcare,Medical Devices,PLN,585291776.0
MIL.WA,POL,Bank Millennium S.A.,Financial Services,Banks - Regional,PLN,26217322496.0
STP.WA,POL,Stalprodukt S.A.,Basic Materials,Steel,PLN,1180631808.0
MUR.WA,POL,Murapol S.A.,Consumer Cyclical,Residential Construction,PLN,1493280000.0
ZEP.WA,POL,ZE PAK SA,Utilities,Utilities - Regulated Electric,PLN,919906240.0
MAK.WA,POL,Makarony Polskie S.A.,Consumer Defensive,Packaged Foods,PLN,260521920.0
TEN.WA,POL,Ten Square Games S.A.,Communication Services,Electronic Gaming & Multimedia,PLN,626938432.0
CMP.WA,POL,Comp S.A.,Technology,Information Technology Services,PLN,1976717696.0
LBW.WA,POL,Lubawa S.A.,Industrials,Conglomerates,PLN,1738623872.0
GTC.WA,POL,Globe Trade Centre S.A.,Real Estate,Real Estate Services,PLN,1424152704.0
S2B.WA,POL,Syn2bio S.A.,Healthcare,Biotechnology,PLN,580137920.0
BNP.WA,POL,BNP Paribas Bank Polska S.A.,Financial Services,Banks - Regional,PLN,23967784960.0
SKA.WA,POL,Fabryka Farb i Lakierów Sniezka SA,Basic Materials,Specialty Chemicals,PLN,1080081792.0
DBC.WA,POL,Tire Company Debica S.A.,Consumer Cyclical,Auto Parts,PLN,1279514880.0
AQU.WA,POL,Aqua Spólka Akcyjna,Utilities,Utilities - Regulated Water,PLN,155843952.0
HEL.WA,POL,Helio S.A.,Consumer Defensive,Packaged Foods,PLN,227708096.0
WAS.WA,POL,Wasko S.A.,Communication Services,Telecom Services,PLN,603661248.0
SGN.WA,POL,Sygnity S.A.,Technology,Information Technology Services,PLN,1975278464.0
TRK.WA,POL,Trakcja S.A.,Industrials,Engineering & Construction,PLN,1608156544.0
PHN.WA,POL,Polski Holding Nieruchomosci S.A.,Real Estate,Real Estate Services,PLN,464028864.0
ENE.WA,POL,Centrum Medyczne ENEL-MED S.A.,Healthcare,Medical Care Facilities,PLN,576917696.0
ALR.WA,POL,Alior Bank S.A.,Financial Services,Banks - Diversified,PLN,16998129664.0
PCE.WA,POL,Grupa Azoty Zaklady Chemiczne Police S.A.,Basic Materials,Agricultural Inputs,PLN,896548992.0
UNT.WA,POL,Unimot S.A.,Consumer Cyclical,Specialty Retail,PLN,1219835392.0
MDI.WA,POL,MDI Energia S.A.,Utilities,Utilities - Independent Power Producers,PLN,88427936.0
DMG.WA,POL,Dr. Miele Cosmed Group S.A.,Consumer Defensive,Household & Personal Products,PLN,181850496.0
AGO.WA,POL,Agora S.A.,Communication Services,Publishing,PLN,540337664.0
TXT.WA,POL,Text S.A.,Technology,Software - Application,PLN,1071714944.0
TOR.WA,POL,Torpol S.A.,Industrials,Engineering & Construction,PLN,1536692992.0
LKD.WA,POL,Lokum Deweloper S.A.,Real Estate,Real Estate - Development,PLN,394200000.0
MRC.WA,POL,Mercator Medical S.A.,Healthcare,Medical Instruments & Supplies,PLN,524912288.0
XTB.WA,POL,XTB S.A.,Financial Services,Capital Markets,PLN,16149248000.0
ZAP.WA,POL,Zaklady Azotowe Pulawy S.A.,Basic Materials,Agricultural Inputs,PLN,856352000.0
VRG.WA,POL,VRG S.A.,Consumer Cyclical,Apparel Manufacturing,PLN,1200413824.0
ECB.WA,POL,ECB S.A.,Utilities,Utilities - Regulated Electric,PLN,65345900.0
KVT.WA,POL,Krynica Vitamin S.A.,Consumer Defensive,Beverages - Non-Alcoholic,PLN,154968624.0
EDP.LS,PRT,"EDP, S.A.",Utilities,Utilities - Diversified,EUR,19818020864.0
GALP.LS,PRT,"Galp Energia, SGPS, S.A.",Energy,Oil & Gas Integrated,EUR,17175922688.0
BCP.LS,PRT,"Banco Comercial Português, S.A.",Financial Services,Banks - Regional,EUR,16883991552.0
JMT.LS,PRT,"Jerónimo Martins, SGPS, S.A.",Consumer Defensive,Food Distribution,EUR,10658244608.0
NOS.LS,PRT,"NOS, S.G.P.S., S.A.",Communication Services,Telecom Services,EUR,2770275584.0
NVG.LS,PRT,"The Navigator Company, S.A.",Basic Materials,Paper & Paper Products,EUR,2253027840.0
EGL.LS,PRT,"Mota-Engil, SGPS, S.A.",Industrials,Engineering & Construction,EUR,1525289984.0
IBS.LS,PRT,"Ibersol, S.G.P.S., S.A.",Consumer Cyclical,Restaurants,EUR,385826752.0
NBA.LS,PRT,"Novabase S.G.P.S., S.A.",Technology,Information Technology Services,EUR,270501856.0
MLFMV.LS,PRT,"Farminveste, S.G.P.S., S.A.",Healthcare,Medical Distribution,EUR,75113752.0
MLCIA.LS,PRT,"Ciagest - Sic Imobiliaria Fechada, S.A.",Real Estate,REIT - Office,EUR,
RENE.LS,PRT,"REN - Redes Energéticas Nacionais, SGPS, S.A.",Utilities,Utilities - Diversified,EUR,2341483776.0
PHR.LS,PRT,"Pharol, S.A.",Financial Services,Asset Management,EUR,73799704.0
SON.LS,PRT,"Sonae, SGPS, S.A.",Consumer Defensive,Grocery Stores,EUR,3986795008.0
SNC.LS,PRT,"Sonaecom, SGPS, S.A.",Communication Services,Publishing,EUR,886730176.0
SEM.LS,PRT,"Semapa - Sociedade de Investimento e Gestão, SGPS, S.A.",Basic Materials,Paper & Paper Products,EUR,1544673792.0
CTT.LS,PRT,"CTT - Correios De Portugal, S.A.",Industrials,Integrated Freight & Logistics,EUR,777160128.0
SCT.LS,PRT,"Toyota Caetano Portugal, S.A.",Consumer Cyclical,Auto Manufacturers,EUR,255500000.0
GLINT.LS,PRT,"Glintt Global, S.A.",Technology,Information Technology Services,EUR,103050992.0
MLRZE.LS,PRT,"Raize - Instituição de Pagamentos, S.A.",Financial Services,Credit Services,EUR,7750000.0
SCP.LS,PRT,"Sporting Clube de Portugal - Futebol, SAD",Communication Services,Entertainment,EUR,197950624.0
ALTR.LS,PRT,"Altri, SGPS, S.A.",Basic Materials,Paper & Paper Products,EUR,941554432.0
MAR.LS,PRT,"Martifer SGPS, S.A.",Industrials,Engineering & Construction,EUR,227836912.0
ESON.LS,PRT,"Estoril Sol, SGPS, S.A.",Consumer Cyclical,Resorts & Casinos,EUR,38179584.0
SLBEN.LS,PRT,"Sport Lisboa e Benfica - Futebol, SAD",Communication Services,Entertainment,EUR,148580000.0
COR.LS,PRT,"Corticeira Amorim, S.G.P.S., S.A.",Basic Materials,Lumber & Wood Production,EUR,909790656.0
TDSA.LS,PRT,"Teixeira Duarte, S.A.",Industrials,Engineering & Construction,EUR,197610000.0
ALSMB.LS,PRT,"Samba Digital, SGPS, S.A.",Communication Services,Advertising Agencies,EUR,148000000.0
RAM.LS,PRT,"Ramada Investimentos e Industria, S.A.",Basic Materials,Steel,EUR,172310608.0
FCP.LS,PRT,"Futebol Clube do Porto - Futebol, S.A.D.",Communication Services,Entertainment,EUR,58949736.0
IPR.LS,PRT,"Impresa - Sociedade Gestora de Participações Sociais, S.A.",Communication Services,Broadcasting,EUR,32020798.0
SCB.LS,PRT,"Sporting Clube de Braga - Futebol, SAD",Communication Services,Entertainment,EUR,25200000.0
H2O.RO,ROU,S.P.E.E.H. Hidroelectrica S.A.,Utilities,Utilities - Renewable,RON,80154812416.0
SNP.RO,ROU,OMV Petrom S.A.,Energy,Oil & Gas Integrated,RON,74898374656.0
TLV.RO,ROU,Banca Transilvania S.A.,Financial Services,Banks - Regional,RON,44047101952.0
DIGI.RO,ROU,Digi Communications N.V.,Communication Services,Telecom Services,RON,5543134208.0
M.RO,ROU,Med Life S.A.,Healthcare,Medical Care Facilities,RON,5308160000.0
CFH.RO,ROU,Cris-Tim Family Holding S.A.,Consumer Defensive,Packaged Foods,RON,3989700096.0
ONE.RO,ROU,One United Properties SA,Real Estate,Real Estate - Development,RON,3295619328.0
EAI.RO,ROU,Electro-Alfa International S.A.,Industrials,Electrical Equipment & Parts,RON,3118522880.0
CRC.RO,ROU,Chimcomplex S.A.,Basic Materials,Chemicals,RON,1780661888.0
SFG.RO,ROU,Sphera Franchise Group S.A.,Consumer Cyclical,Restaurants,RON,1217560960.0
AROBS.RO,ROU,AROBS Transilvania Software S.A.,Technology,Software - Application,RON,796859456.0
EL.RO,ROU,Societatea Energetica Electrica S.A.,Utilities,Utilities - Regulated Electric,RON,17860487168.0
SNG.RO,ROU,SNGN Romgaz SA,Energy,Oil & Gas E&P,RON,67063492608.0
BRD.RO,ROU,BRD - Groupe Société Générale S.A.,Financial Services,Banks - Regional,RON,21499412480.0
2P.RO,ROU,2performant Network S.A.,Communication Services,Advertising Agencies,RON,
ATB.RO,ROU,Antibiotice S.A.,Healthcare,Drug Manufacturers - Specialty & Generic,RON,1337305344.0
MILK.RO,ROU,Agroserv Mariuta S.A.,Consumer Defensive,Farm Products,RON,61278108.0
IMP.RO,ROU,Impact Developer & Contractor S.A.,Real Estate,Real Estate - Development,RON,432784288.0
ARS.RO,ROU,Aerostar S.A.,Industrials,Aerospace & Defense,RON,2680083200.0
ALR.RO,ROU,Alro S.A.,Basic Materials,Aluminum,RON,988584128.0
PPL.RO,ROU,S.C. Promateris S.A.,Consumer Cyclical,Packaging & Containers,RON,212361504.0
BENTO.RO,ROU,2B Intelligent Soft S.A.,Technology,Information Technology Services,RON,133000568.0
SNN.RO,ROU,S.N. Nuclearelectrica S.A.,Utilities,Utilities - Regulated Electric,RON,17766825984.0
RRC.RO,ROU,Rompetrol Rafinare S.A.,Energy,Oil & Gas Refining & Marketing,RON,7011630080.0
EVER.RO,ROU,Evergent Investments SA,Financial Services,Asset Management,RON,2895051008.0
ELRD.RO,ROU,S.C. Electrecord S.A.,Communication Services,Entertainment,RON,
RPH.RO,ROU,S.C. Ropharma S.A.,Healthcare,Pharmaceutical Retailers,RON,107366152.0
BRM.RO,ROU,S.C. Bermas S.A.,Consumer Defensive,Beverages - Brewers,RON,42890564.0
STKP.RO,ROU,STK Properties S.A.,Real Estate,Real Estate - Development,RON,24215880.0
AQ.RO,ROU,Aquila Part Prod Com S.A.,Industrials,Trucking,RON,2136477952.0
ROC1.RO,ROU,Roca Industry Holdingrock1 S.A.,Basic Materials,Building Materials,RON,136769728.0
VNC.RO,ROU,Vrancart S.A.,Consumer Cyclical,Packaging & Containers,RON,187945824.0
AST.RO,ROU,Arctic Stream S.A.,Technology,Information Technology Services,RON,97238160.0
TGN.RO,ROU,S.N.T.G.N. Transgaz S.A.,Utilities,Utilities - Regulated Gas,RON,15447283712.0
COTE.RO,ROU,Conpet S.A.,Energy,Oil & Gas Midstream,RON,651046080.0
LION.RO,ROU,Lion Capital S.A.,Financial Services,Asset Management,RON,2394412032.0
RMAH.RO,ROU,Farmaceutica REMEDIA S.A.,Healthcare,Medical Distribution,RON,68028656.0
GSH.RO,ROU,GRUP SERBAN HOLDING SA,Consumer Defensive,Food Distribution,RON,42861340.0
APP.RO,ROU,Appraisal & Valuation SRL,Real Estate,Real Estate Services,RON,
TTS.RO,ROU,TTS (Transport Trade Services) S.A.,Industrials,Integrated Freight & Logistics,RON,1252800000.0
SPX.RO,ROU,Sipex Company S.A.,Basic Materials,Building Materials,RON,103972296.0
EFO.RO,ROU,"Turism, Hoteluri, Restaurante Marea Neagra S.A.",Consumer Cyclical,Resorts & Casinos,RON,160387520.0
ITG.RO,ROU,IT Genetics S.A.,Technology,Information Technology Services,RON,36720000.0
TEL.RO,ROU,CNTEE Transelectrica SA,Utilities,Utilities - Regulated Electric,RON,7388957184.0
OIL.RO,ROU,Oil Terminal S.A.,Energy,Oil & Gas Midstream,RON,347672544.0
LONG.RO,ROU,Longshield Investment Group SA,Financial Services,Asset Management,RON,1854872832.0
IORB.RO,ROU,S.C. IOR S.A.,Healthcare,Medical Instruments & Supplies,RON,
BIOW.RO,ROU,Vifrana S.A.,Consumer Defensive,Beverages - Wineries & Distilleries,RON,3590612.0
ARCV.RO,ROU,S.C. Imotrust S.A.,Real Estate,Real Estate Services,RON,
SOCP.RO,ROU,SOCEP S.A.,Industrials,Marine Shipping,RON,1234674048.0
ALU.RO,ROU,Alumil Rom Industry S.A.,Basic Materials,Aluminum,RON,80000000.0
CMP.RO,ROU,Compa S.A.,Consumer Cyclical,Auto Parts,RON,141213792.0
ELGS.RO,ROU,Aeta SA,Technology,Consumer Electronics,RON,28779512.0
GREEN.RO,ROU,Green Tech International S.A.,Utilities,Utilities - Renewable,RON,1062951040.0
PTR.RO,ROU,Rompetrol Well Services SA,Energy,Oil & Gas Equipment & Services,RON,181936848.0
INFINITY.RO,ROU,Infinity Capital Investments S.A.,Financial Services,Asset Management,RON,1839794176.0
BONA.RO,ROU,Bonas Import Export S.A.,Consumer Defensive,Packaged Foods,RON,2616150.0
CAIN.RO,ROU,S.C. Casa Alba - Independenta S.A.,Real Estate,Real Estate Services,RON,
TRP.RO,ROU,Teraplast S.A.,Industrials,Building Products & Equipment,RON,1167583616.0
NRF.RO,ROU,Norofert S.A.,Basic Materials,Agricultural Inputs,RON,45255020.0
ROCE.RO,ROU,S.C. Romcarbon S.A.,Consumer Cyclical,Packaging & Containers,RON,114628984.0
ALW.RO,ROU,S.C. Visual Fan S.A.,Technology,Consumer Electronics,RON,27444170.0
JTG.RO,ROU,SC J.T. Grup Oil SA,Energy,Oil & Gas Midstream,RON,121687152.0
TRANSI.RO,ROU,Transilvania Investments Alliance S.A.,Financial Services,Asset Management,RON,1341271424.0
AMAL.RO,ROU,International Caviar Corporation SA,Consumer Defensive,Farm Products,RON,
CICO.RO,ROU,Ci-Co S.a. Bucharest,Real Estate,Real Estate Services,RON,
SNO.RO,ROU,Santierul Naval Orsova S.A.,Industrials,Aerospace & Defense,RON,296995904.0
AAB.RO,ROU,Agroland Agribusiness S.A.,Basic Materials,Agricultural Inputs,RON,24075002.0
ARTE.RO,ROU,S.C. Artego S.A.,Consumer Cyclical,Auto Parts,RON,68163864.0
4RT.RO,ROU,FORT S.A,Technology,Software - Infrastructure,RON,18159044.0
COMI.RO,ROU,S.C. Condmag S.A.,Energy,Oil & Gas Equipment & Services,RON,3660823.0
BVB.RO,ROU,Bursa de Valori Bucuresti SA,Financial Services,Financial Data & Stock Exchanges,RON,780910144.0
AVSL.RO,ROU,S.C. Avicola Slobozia S.A.,Consumer Defensive,Farm Products,RON,
PPLI.RO,ROU,Professional Imo Partners S.A.,Real Estate,Real Estate - Development,RON,
SMTL.RO,ROU,Simtel Team S.A.,Industrials,Conglomerates,RON,272902112.0
STZ.RO,ROU,Sinteza S.A.,Basic Materials,Chemicals,RON,15867022.0
GGC.RO,ROU,Glissando Garden Center S.a.,Consumer Cyclical,Home Improvement Retail,RON,22478526.0
ABN.RO,ROU,Abn Systems International SA,Technology,Communication Equipment,RON,
ASP.RO,ROU,S.C. Rafinaria Astra Romana S.A.,Energy,Oil & Gas Refining & Marketing,RON,
PBK.RO,ROU,Patria Bank SA,Financial Services,Banks - Regional,RON,479276576.0
BUCS.RO,ROU,S.C. Bucovina S.A.,Consumer Defensive,Packaged Foods,RON,
REIT.RO,ROU,Star Invest Imobiliare S.a.,Real Estate,REIT - Residential,RON,
ELMA.RO,ROU,Electromagnetica S.A.,Industrials,Electrical Equipment & Parts,RON,171713840.0
AG.RO,ROU,Agroland Business System S.A.,Basic Materials,Agricultural Inputs,RON,
BCM.RO,ROU,Casa de Bucovina - Club de Munte S.A.,Consumer Cyclical,Lodging,RON,20939202.0
ASC.RO,ROU,Ascendia S.A.,Technology,Software - Application,RON,
FOJE.RO,ROU,S.C. Foraj Sonde S.A.,Energy,Oil & Gas Drilling,RON,
BRK.RO,ROU,SSIF BRK Financial Group S.A.,Financial Services,Capital Markets,RON,52301644.0
BUCV.RO,ROU,S.C. Bucur S.A.,Consumer Defensive,Food Distribution,RON,
UNIR.RO,ROU,S.C. Unirea S.A.,Real Estate,Real Estate Services,RON,
CBC.RO,ROU,Carbochim S.A.,Industrials,Metal Fabrication,RON,111313184.0
ARJI.RO,ROU,SC Arteca Jilava SA,Basic Materials,Specialty Chemicals,RON,
ALT.RO,ROU,Altur S.A.,Consumer Cyclical,Auto Parts,RON,20352236.0
BNET.RO,ROU,Bittnet Systems SA,Technology,Information Technology Services,RON,
FOSB.RO,ROU,SC Foraj Sonde SA Craiova,Energy,Oil & Gas Drilling,RON,
MIB.RO,ROU,Millenium Insurance Broker S.A.,Financial Services,Insurance Brokers,RON,41343132.0
CCOM.RO,ROU,S.C. CEREALCOM S.A.,Consumer Defensive,Farm Products,RON,
TBM.RO,ROU,Turbomecanica SA,Industrials,Aerospace & Defense,RON,106029984.0
BBGA.RO,ROU,Alum S.A.,Basic Materials,Aluminum,RON,
ARCU.RO,ROU,Sifi Cluj Retail SA,Consumer Cyclical,Restaurants,RON,
D05.SI,SGP,DBS Group Holdings Ltd,Financial Services,Banks - Regional,SGD,220808200192.0
Z77.SI,SGP,Singapore Telecommunications Limited,Communication Services,Telecom Services,SGD,70509764608.0
S63.SI,SGP,Singapore Technologies Engineering Ltd,Industrials,Aerospace & Defense,SGD,35029794816.0
F34.SI,SGP,Wilmar International Limited,Consumer Defensive,Packaged Foods,SGD,21729826816.0
9CI.SI,SGP,CapitaLand Investment Limited,Real Estate,Real Estate Services,SGD,12334022656.0
U96.SI,SGP,Sembcorp Industries Ltd,Utilities,Utilities - Diversified,SGD,10540053504.0
UGBD.SI,SGP,Grab Holdings Limited,Technology,Software - Application,SGD,8100777984.0
G13.SI,SGP,Genting Singapore Limited,Consumer Cyclical,Resorts & Casinos,SGD,7419140096.0
5E2.SI,SGP,Seatrium Limited,Energy,Oil & Gas Equipment & Services,SGD,6743591936.0
H02.SI,SGP,Haw Par Corporation Limited,Healthcare,Drug Manufacturers - General,SGD,2875572480.0
P52.SI,SGP,Pan-United Corporation Ltd,Basic Materials,Building Materials,SGD,1203245696.0
O39.SI,SGP,Oversea-Chinese Banking Corporation Limited,Financial Services,Banks - Regional,SGD,143227322368.0
Z74.SI,SGP,Singapore Telecommunications Limited,Communication Services,Telecom Services,SGD,69583577088.0
C6L.SI,SGP,Singapore Airlines Limited,Industrials,Airlines,SGD,21098043392.0
EB5.SI,SGP,First Resources Limited,Consumer Defensive,Packaged Foods,SGD,6657005568.0
A17U.SI,SGP,CapitaLand Ascendas REIT,Real Estate,REIT - Industrial,SGD,11139328000.0
SEG.SI,SGP,Concord New Energy Group Limited,Utilities,Utilities - Renewable,SGD,421316608.0
V03.SI,SGP,Venture Corporation Limited,Technology,Electronic Components,SGD,4830670336.0
H15.SI,SGP,Hotel Properties Limited,Consumer Cyclical,Lodging,SGD,2420789760.0
G92.SI,SGP,China Aviation Oil (Singapore) Corporation Ltd,Energy,Oil & Gas Refining & Marketing,SGD,1135442432.0
BSL.SI,SGP,Raffles Medical Group Ltd,Healthcare,Medical Care Facilities,SGD,1514231424.0
BEC.SI,SGP,BRC Asia Limited,Basic Materials,Steel,SGD,1141296256.0
U11.SI,SGP,United Overseas Bank Limited,Financial Services,Banks - Regional,SGD,70805684224.0
CC3.SI,SGP,StarHub Ltd,Communication Services,Telecom Services,SGD,1916638848.0
BN4.SI,SGP,Keppel Ltd.,Industrials,Conglomerates,SGD,19875514368.0
VC2.SI,SGP,Olam Group Limited,Consumer Defensive,Food Distribution,SGD,3508950784.0
U14.SI,SGP,UOL Group Limited,Real Estate,Real Estate - Development,SGD,6821658624.0
BHK.SI,SGP,SIIC Environment Holdings Ltd.,Utilities,Utilities - Regulated Water,SGD,396652512.0
AWX.SI,SGP,AEM Holdings Ltd.,Technology,Semiconductor Equipment & Materials,SGD,3387205888.0
H22.SI,SGP,Hong Leong Asia Ltd.,Consumer Cyclical,Auto Manufacturers,SGD,2083148800.0
RE4.SI,SGP,Geo Energy Resources Limited,Energy,Thermal Coal,SGD,1066139840.0
A50.SI,SGP,Thomson Medical Group Limited,Healthcare,Medical Care Facilities,SGD,1322180864.0
S20.SI,SGP,The Straits Trading Company Limited,Basic Materials,Other Industrial Metals & Mining,SGD,736930688.0
S68.SI,SGP,Singapore Exchange Limited,Financial Services,Financial Data & Stock Exchanges,SGD,22369918976.0
T41.SI,SGP,TeleChoice International Limited,Communication Services,Telecom Services,SGD,89975104.0
C07.SI,SGP,Jardine Matheson Southeast Asia Limited,Industrials,Conglomerates,SGD,10521190400.0
F99.SI,SGP,"Fraser and Neave, Limited",Consumer Defensive,Packaged Foods,SGD,1992073344.0
C09.SI,SGP,City Developments Limited,Real Estate,Real Estate - Development,SGD,6271680000.0
5IG.SI,SGP,Gallant Venture Ltd.,Utilities,Utilities - Diversified,SGD,278620896.0
558.SI,SGP,UMS Integration Limited,Technology,Semiconductor Equipment & Materials,SGD,2582633984.0
AGS.SI,SGP,The Hour Glass Limited,Consumer Cyclical,Luxury Goods,SGD,1801678848.0
T13.SI,SGP,RH PetroGas Limited,Energy,Oil & Gas E&P,SGD,132419400.0
AP4.SI,SGP,Riverstone Holdings Limited,Healthcare,Medical Instruments & Supplies,SGD,1126447744.0
QES.SI,SGP,China Sunsine Chemical Holdings Ltd.,Basic Materials,Specialty Chemicals,SGD,591097344.0
G07.SI,SGP,Great Eastern Holdings Limited,Financial Services,Insurance - Life,SGD,18648772608.0
WKS.SI,SGP,Winking Studios Limited,Communication Services,Electronic Gaming & Multimedia,SGD,88079744.0
S58.SI,SGP,SATS Ltd.,Industrials,Airports & Air Services,SGD,5559195648.0
F03.SI,SGP,Food Empire Holdings Limited,Consumer Defensive,Beverages - Non-Alcoholic,SGD,1247073152.0
AJBU.SI,SGP,Keppel DC REIT,Real Estate,REIT - Office,SGD,5847329792.0
L02.SI,SGP,Metis Energy Limited,Utilities,Utilities - Renewable,SGD,94033080.0
AIY.SI,SGP,iFAST Corporation Ltd.,Technology,Software - Application,SGD,2465573376.0
OU8.SI,SGP,Centurion Corporation Limited,Consumer Cyclical,Lodging,SGD,1168682240.0
BEZ.SI,SGP,Beng Kuang Marine Limited,Energy,Oil & Gas Equipment & Services,SGD,109637216.0
FHH.SI,SGP,Foundation Healthcare Holdings Limited,Healthcare,Medical Care Facilities,SGD,757330112.0
5TP.SI,SGP,CNMC Goldmine Holdings Limited,Basic Materials,Gold,SGD,498505600.0
U10.SI,SGP,UOB-Kay Hian Holdings Limited,Financial Services,Capital Markets,SGD,3611970816.0
GEH.SI,SGP,Goodwill Entertainment Holding Limited,Communication Services,Entertainment,SGD,61444064.0
S59.SI,SGP,SIA Engineering Company Limited,Industrials,Airports & Air Services,SGD,3505291264.0
Q01.SI,SGP,QAF Limited,Consumer Defensive,Packaged Foods,SGD,537875968.0
U06.SI,SGP,Singapore Land Group Limited,Real Estate,Real Estate - Diversified,SGD,4385076224.0
YSV.SI,SGP,Khen Energy Limited,Utilities,Utilities - Renewable,SGD,21855142.0
PCT.SI,SGP,PC Partner Group Limited,Technology,Computer Hardware,SGD,1345956352.0
T6I.SI,SGP,ValueMax Group Limited,Consumer Cyclical,Luxury Goods,SGD,890182272.0
BTP.SI,SGP,Baker Technology Limited,Energy,Oil & Gas Equipment & Services,SGD,87098232.0
42C.SI,SGP,iX Biopharma Ltd.,Healthcare,Drug Manufacturers - Specialty & Generic,SGD,606790080.0
N02.SI,SGP,NSL Ltd,Basic Materials,Building Materials,SGD,343673600.0
8YZ.SI,SGP,Yangzijiang Maritime Development Ltd.,Financial Services,Asset Management,SGD,2022844288.0
XJB.SI,SGP,"G.H.Y Culture & Media Holding Co., Limited",Communication Services,Entertainment,SGD,54467108.0
C52.SI,SGP,ComfortDelGro Corporation Limited,Industrials,Railroads,SGD,2750792704.0
5JS.SI,SGP,Indofood Agri Resources Ltd.,Consumer Defensive,Packaged Foods,SGD,446689440.0
K71U.SI,SGP,Keppel REIT,Real Estate,REIT - Office,SGD,4208060160.0
5CR.SI,SGP,Asiatic Group (Holdings) Limited,Utilities,Utilities - Independent Power Producers,SGD,9700268.0
E28.SI,SGP,Frencken Group Limited,Technology,Scientific & Technical Instruments,SGD,1254934016.0
H07.SI,SGP,Stamford Land Corporation Ltd,Consumer Cyclical,Lodging,SGD,709428608.0
5WH.SI,SGP,Rex International Holding Limited,Energy,Oil & Gas E&P,SGD,75913096.0
ULG.SI,SGP,UltraGreen.ai Limited,Healthcare,Health Information Services,USD,600837760.0
KUO.SI,SGP,International Cement Group Ltd.,Basic Materials,Building Materials,SGD,326879776.0
P15.SI,SGP,Pacific Century Regional Developments Limited,Financial Services,Asset Management,SGD,1243807104.0
1D1.SI,SGP,UnUsUaL Limited,Communication Services,Advertising Agencies,SGD,24486546.0
S61.SI,SGP,SBS Transit Ltd,Industrials,Railroads,SGD,1167991808.0
P34.SI,SGP,Delfi Limited,Consumer Defensive,Confectioners,SGD,427809888.0
TQ5.SI,SGP,Frasers Property Limited,Real Estate,Real Estate - Diversified,SGD,3847520768.0
TWL.SI,SGP,Memiontec Holdings Ltd.,Utilities,Utilities - Regulated Water,SGD,9169041.0
544.SI,SGP,CSE Global Limited,Technology,Communication Equipment,SGD,921128000.0
5UF.SI,SGP,Aspial Lifestyle Limited,Consumer Cyclical,Luxury Goods,SGD,691123200.0
Y35.SI,SGP,AnAn International Limited,Energy,Oil & Gas Refining & Marketing,SGD,71964160.0
QC7.SI,SGP,Q & M Dental Group (Singapore) Limited,Healthcare,Medical Care Facilities,SGD,441387872.0
S44.SI,SGP,EnGro Corporation Limited,Basic Materials,Building Materials,SGD,148378112.0
S41.SI,SGP,Hong Leong Finance Limited,Financial Services,Banks - Regional,SGD,1102471424.0
E27.SI,SGP,The Place Holdings Limited,Communication Services,Advertising Agencies,SGD,17641964.0
Y03.SI,SGP,Yeo Hiap Seng Limited,Consumer Defensive,Packaged Foods,SGD,352550432.0
I11.SI,SGP,Renaissance United Limited,Utilities,Utilities - Regulated Gas,SGD,6180800.0
MZH.SI,SGP,Nanofilm Technologies International Limited,Technology,Electronic Components,SGD,545023040.0
5WJ.SI,SGP,MoneyMax Financial Services Ltd.,Consumer Cyclical,Specialty Retail,SGD,681541952.0
5G2.SI,SGP,Kim Heng Limited,Energy,Oil & Gas Equipment & Services,SGD,52165000.0
5WA.SI,SGP,OUE Healthcare Limited,Healthcare,Medical Care Facilities,SGD,217713328.0
BTG.SI,SGP,HG Metal Manufacturing Limited,Basic Materials,Steel,SGD,112643672.0
SEJ.SI,SGP,NoonTalk Media Limited,Communication Services,Entertainment,SGD,10718182.0
MV4.SI,SGP,Mewah International Inc.,Consumer Defensive,Packaged Foods,SGD,345153504.0
A31.SI,SGP,Addvalue Technologies Ltd,Technology,Communication Equipment,SGD,522575680.0
INVE-B.ST,SWE,Investor AB (publ),Financial Services,Asset Management,SEK,1238431956992.0
ATCO-A.ST,SWE,Atlas Copco AB (publ),Industrials,Specialty Industrial Machinery,SEK,1010362351616.0
ERIC-A.ST,SWE,Telefonaktiebolaget LM Ericsson (publ),Technology,Communication Equipment,SEK,308011466752.0
HM-B.ST,SWE,H & M Hennes & Mauritz AB (publ),Consumer Cyclical,Apparel Manufacturing,SEK,255100403712.0
CORE-D.ST,SWE,Corem Property Group AB (publ),Real Estate,Real Estate - Diversified,SEK,248491425792.0
TELIA.ST,SWE,Telia Company AB (publ),Communication Services,Telecom Services,SEK,174507016192.0
ESSITY-B.ST,SWE,Essity AB (publ),Consumer Defensive,Household & Personal Products,SEK,173408157696.0
SOBI.ST,SWE,Swedish Orphan Biovitrum AB (publ),Healthcare,Drug Manufacturers - Specialty & Generic,SEK,149711552512.0
BOL.ST,SWE,Boliden AB (publ),Basic Materials,Other Industrial Metals & Mining,SEK,146978963456.0
ORRON.ST,SWE,Orrön Energy AB (publ),Utilities,Utilities - Renewable,SEK,2064235392.0
ABI.ST,SWE,AB Igrene (publ),Energy,Oil & Gas E&P,SEK,61449304.0
INVE-A.ST,SWE,Investor AB (publ),Financial Services,Asset Management,SEK,1217140490240.0
ATCO-B.ST,SWE,Atlas Copco AB (publ),Industrials,Specialty Industrial Machinery,SEK,874492723200.0
ERIC-B.ST,SWE,Telefonaktiebolaget LM Ericsson (publ),Technology,Communication Equipment,SEK,305401167872.0
EVO.ST,SWE,Evolution AB (publ),Consumer Cyclical,Gambling,SEK,147221004288.0
SAGA-B.ST,SWE,AB Sagax (publ),Real Estate,Real Estate Services,SEK,77421944832.0
TEL2-A.ST,SWE,Tele2 AB (publ),Communication Services,Telecom Services,SEK,113396432896.0
ESSITY-A.ST,SWE,Essity AB (publ),Consumer Defensive,Household & Personal Products,SEK,173070778368.0
GETI-B.ST,SWE,Getinge AB (publ),Healthcare,Medical Devices,SEK,67765551104.0
SSAB-A.ST,SWE,SSAB AB (publ),Basic Materials,Steel,SEK,100409229312.0
SIVI.ST,SWE,Siljansvik AB (publ),Utilities,Utilities - Regulated Electric,SEK,1600619648.0
SHB-B.ST,SWE,Svenska Handelsbanken AB (publ),Financial Services,Banks - Diversified,SEK,476394881024.0
VOLV-A.ST,SWE,AB Volvo (publ),Industrials,Farm & Heavy Construction Machinery,SEK,637690576896.0
HEXA-B.ST,SWE,Hexagon AB (publ),Technology,Scientific & Technical Instruments,SEK,270987935744.0
ALIV-SDB.ST,SWE,"Autoliv, Inc.",Consumer Cyclical,Auto Parts,SEK,81879203840.0
SAGA-A.ST,SWE,AB Sagax (publ),Real Estate,Real Estate Services,SEK,77174595584.0
TEL2-B.ST,SWE,Tele2 AB (publ),Communication Services,Telecom Services,SEK,112078675968.0
AXFO.ST,SWE,Axfood AB (publ),Consumer Defensive,Grocery Stores,SEK,54057336832.0
SECT-B.ST,SWE,Sectra AB (publ),Healthcare,Medical Devices,SEK,56258908160.0
SCA-A.ST,SWE,Svenska Cellulosa Aktiebolaget SCA (publ),Basic Materials,Paper & Paper Products,SEK,83578757120.0
EOLU-B.ST,SWE,Eolus Aktiebolag (publ),Utilities,Utilities - Renewable,SEK,1228498944.0
SEB-C.ST,SWE,Skandinaviska Enskilda Banken AB (publ),Financial Services,Banks - Regional,SEK,456981282816.0
VOLV-B.ST,SWE,AB Volvo (publ),Industrials,Farm & Heavy Construction Machinery,SEK,637080502272.0
HMS.ST,SWE,HMS Networks AB (publ),Technology,Communication Equipment,SEK,28158842880.0
VOLCAR-B.ST,SWE,Volvo Car AB (publ.),Consumer Cyclical,Auto Manufacturers,SEK,41653567488.0
BALD-B.ST,SWE,Fastighets AB Balder (publ),Real Estate,Real Estate - Diversified,SEK,53725396992.0
SINCH.ST,SWE,Sinch AB (publ),Communication Services,Telecom Services,SEK,33338521600.0
AAK.ST,SWE,AAK AB (publ.),Consumer Defensive,Packaged Foods,SEK,47331651584.0
MCOV-B.ST,SWE,Medicover AB (publ),Healthcare,Medical Care Facilities,SEK,38981402624.0
SCA-B.ST,SWE,Svenska Cellulosa Aktiebolaget SCA (publ),Basic Materials,Paper & Paper Products,SEK,83578757120.0
MINEST.ST,SWE,Minesto AB (publ),Utilities,Utilities - Renewable,SEK,273637440.0
SWED-A.ST,SWE,Swedbank AB (publ),Financial Services,Banks - Regional,SEK,456902410240.0
SAND.ST,SWE,Sandvik AB (publ),Industrials,Specialty Industrial Machinery,SEK,454087704576.0
SILEX.ST,SWE,Silex Microsystems AB (publ),Technology,Semiconductor Equipment & Materials,SEK,19061417984.0
ASMDEE-B.ST,SWE,Asmodee Group AB (publ),Consumer Cyclical,Leisure,SEK,39390453760.0
CAST.ST,SWE,Castellum AB (publ),Real Estate,Real Estate - Development,SEK,52153352192.0
HACK.ST,SWE,Hacksaw AB (publ),Communication Services,Electronic Gaming & Multimedia,SEK,24263544832.0
CLA-B.ST,SWE,Cloetta AB (publ),Consumer Defensive,Confectioners,SEK,14277364736.0
CAMX.ST,SWE,Camurus AB (publ),Healthcare,Biotechnology,SEK,38383423488.0
HOLM-B.ST,SWE,Holmen AB (publ),Basic Materials,Paper & Paper Products,SEK,49590042624.0
CLIME-B.ST,SWE,Climeon AB (publ),Utilities,Utilities - Renewable,SEK,174595776.0
SEB-A.ST,SWE,Skandinaviska Enskilda Banken AB (publ),Financial Services,Banks - Regional,SEK,452119789568.0
ASSA-B.ST,SWE,ASSA ABLOY AB (publ),Industrials,Security & Protection Services,SEK,391326498816.0
NCAB.ST,SWE,NCAB Group AB (publ),Technology,Electronic Components,SEK,16490862592.0
CLAS-B.ST,SWE,Clas Ohlson AB (publ),Consumer Cyclical,Specialty Retail,SEK,26900281344.0
PNDX-B.ST,SWE,Pandox AB (publ),Real Estate,Real Estate Services,SEK,29540737024.0
EMBRAC-B.ST,SWE,Embracer Group AB (publ),Communication Services,Electronic Gaming & Multimedia,SEK,18613483520.0
SCST.ST,SWE,Scandi Standard AB (publ),Consumer Defensive,Packaged Foods,SEK,11077047296.0
BIOA-B.ST,SWE,BioArctic AB (publ),Healthcare,Biotechnology,SEK,27315613696.0
HOLM-A.ST,SWE,Holmen AB (publ),Basic Materials,Paper & Paper Products,SEK,49559351296.0
DLAB.ST,SWE,Dlaboratory Sweden AB (publ),Utilities,Utilities - Renewable,SEK,72524504.0
EQT.ST,SWE,EQT AB (publ),Financial Services,Asset Management,SEK,352222281728.0
SAAB-B.ST,SWE,Saab AB (publ),Industrials,Aerospace & Defense,SEK,331646500864.0
SIVE.ST,SWE,Sivers Semiconductors AB (publ),Technology,Semiconductors,SEK,10802209792.0
ELUX-A.ST,SWE,AB Electrolux (publ),Consumer Cyclical,"Furnishings, Fixtures & Appliances",SEK,22072500224.0
CORE-PREF.ST,SWE,Corem Property Group AB (publ),Real Estate,Real Estate - Diversified,SEK,24085180416.0
MTG-A.ST,SWE,Modern Times Group MTG AB,Communication Services,Electronic Gaming & Multimedia,SEK,15626858496.0
ACAD.ST,SWE,AcadeMedia AB (publ),Consumer Defensive,Education & Training Services,SEK,9471581184.0
ASKER.ST,SWE,Asker Healthcare Group AB (publ),Healthcare,Medical Distribution,SEK,25701748736.0
ALLEI.ST,SWE,Alleima AB (publ),Basic Materials,Steel,SEK,29282029568.0
SHB-A.ST,SWE,Svenska Handelsbanken AB (publ),Financial Services,Banks - Diversified,SEK,307330646016.0
EPI-A.ST,SWE,Epiroc AB (publ),Industrials,Farm & Heavy Construction Machinery,SEK,316762128384.0
HANZA.ST,SWE,Hanza AB (publ),Technology,Electronic Components,SEK,10716223488.0
THULE.ST,SWE,Thule Group AB (publ),Consumer Cyclical,Leisure,SEK,20899035136.0
CATE.ST,SWE,Catena AB (publ),Real Estate,Real Estate - Diversified,SEK,22654353408.0
MTG-B.ST,SWE,Modern Times Group MTG AB,Communication Services,Electronic Gaming & Multimedia,SEK,15622339584.0
ZZ-B.ST,SWE,Zinzino AB (publ),Consumer Defensive,Packaged Foods,SEK,5216473088.0
ALIF-B.ST,SWE,AddLife AB (publ),Healthcare,Medical Instruments & Supplies,SEK,20863127552.0
BILL.ST,SWE,Billerud AB (publ),Basic Materials,Paper & Paper Products,SEK,20095358976.0
INDU-A.ST,SWE,AB Industrivärden (publ),Financial Services,Asset Management,SEK,225883226112.0
EPI-B.ST,SWE,Epiroc AB (publ),Industrials,Farm & Heavy Construction Machinery,SEK,267154636800.0
VIT-B.ST,SWE,Vitec Software Group AB (publ),Technology,Software - Application,SEK,10654737408.0
ELUX-B.ST,SWE,AB Electrolux (publ),Consumer Cyclical,"Furnishings, Fixtures & Appliances",SEK,19897710592.0
WALL-B.ST,SWE,Wallenstam AB (publ),Real Estate,Real Estate Services,SEK,22590720000.0
PDX.ST,SWE,Paradox Interactive AB (publ),Communication Services,Electronic Gaming & Multimedia,SEK,14847404032.0
HAYPP.ST,SWE,Haypp Group AB (publ),Consumer Defensive,Tobacco,SEK,4488318976.0
EKTA-B.ST,SWE,Elekta AB (publ),Healthcare,Medical Devices,SEK,20059365376.0
GRNG.ST,SWE,Gränges AB (publ),Basic Materials,Aluminum,SEK,18716303360.0
INDU-C.ST,SWE,AB Industrivärden (publ),Financial Services,Asset Management,SEK,223119065088.0
ALFA.ST,SWE,Alfa Laval AB (publ),Industrials,Specialty Industrial Machinery,SEK,230636077056.0
YUBICO.ST,SWE,Yubico AB,Technology,Software - Infrastructure,SEK,10129690624.0
SHOT.ST,SWE,Scandic Hotels Group AB (publ),Consumer Cyclical,Lodging,SEK,19673391104.0
HUFV-A.ST,SWE,Hufvudstaden AB (publ),Real Estate,Real Estate Services,SEK,21490345984.0
VPLAY-A.ST,SWE,Viaplay Group AB (publ),Communication Services,Entertainment,SEK,10511204352.0
SECARE.ST,SWE,Swedencare AB (publ),Consumer Defensive,Packaged Foods,SEK,3460556800.0
VIMIAN.ST,SWE,Vimian Group AB (publ),Healthcare,Diagnostics & Research,SEK,18720378880.0
VISC.ST,SWE,Gruvaktiebolaget Viscaria,Basic Materials,Other Industrial Metals & Mining,SEK,5984031744.0
SAVE.ST,SWE,Nordnet AB (publ),Financial Services,Capital Markets,SEK,86680911872.0
LIFCO-B.ST,SWE,Lifco AB (publ),Industrials,Conglomerates,SEK,146166792192.0
HTRO.ST,SWE,Hexatronic Group AB (publ),Technology,Communication Equipment,SEK,9404924928.0
NVDA,USA,NVIDIA Corporation,Technology,Semiconductors,USD,5649190617088.0
GOOGL,USA,Alphabet Inc.,Communication Services,Internet Content & Information,USD,4200982642688.0
AMZN,USA,"Amazon.com, Inc.",Consumer Cyclical,Internet Retail,USD,2712973606912.0
SPCX,USA,Space Exploration Technologies Corp.,Industrials,Aerospace & Defense,USD,2094168801280.0
BRK-A,USA,Berkshire Hathaway Inc.,Financial Services,Insurance - Diversified,USD,1077190983680.0
LLY,USA,Eli Lilly and Company,Healthcare,Drug Manufacturers - General,USD,1018687389696.0
WMT,USA,Walmart Inc.,Consumer Defensive,Discount Stores,USD,827172388864.0
XOM,USA,ExxonMobil Holdings Corporation,Energy,Oil & Gas Integrated,USD,674394669056.0
SCCO,USA,Southern Copper Corporation,Basic Materials,Copper,USD,173546389504.0
WELL,USA,Welltower Inc.,Real Estate,REIT - Healthcare Facilities,USD,164081467392.0
NEE,USA,"NextEra Energy, Inc.",Utilities,Utilities - Regulated Electric,USD,160237060096.0
AAPL,USA,Apple Inc.,Technology,Consumer Electronics,USD,4869931925504.0
GOOG,USA,Alphabet Inc.,Communication Services,Internet Content & Information,USD,4162458484736.0
TSLA,USA,"Tesla, Inc.",Consumer Cyclical,Auto Manufacturers,USD,1463662804992.0
CAT,USA,Caterpillar Inc.,Industrials,Farm & Heavy Construction Machinery,USD,388618321920.0
BRK-B,USA,Berkshire Hathaway Inc.,Financial Services,Insurance - Diversified,USD,1076027719680.0
JNJ,USA,Johnson & Johnson,Healthcare,Drug Manufacturers - General,USD,617006301184.0
COST,USA,Costco Wholesale Corporation,Consumer Defensive,Discount Stores,USD,408092835840.0
CVX,USA,Chevron Corporation,Energy,Oil & Gas Integrated,USD,405443805184.0
NEMCL,USA,Newmont Corporation,Basic Materials,Gold,USD,134872612864.0
PLD,USA,"Prologis, Inc.",Real Estate,REIT - Industrial,USD,125312303104.0
SO,USA,The Southern Company,Utilities,Utilities - Regulated Electric,USD,96308396032.0
MSFT,USA,Microsoft Corporation,Technology,Software - Infrastructure,USD,3842942959616.0
META,USA,"Meta Platforms, Inc.",Communication Services,Internet Content & Information,USD,1854788337664.0
HD,USA,"The Home Depot, Inc.",Consumer Cyclical,Home Improvement Retail,USD,282196508672.0
GE,USA,GE Aerospace,Industrials,Aerospace & Defense,USD,321187840000.0
JPM,USA,JPMorgan Chase & Co.,Financial Services,Banks - Diversified,USD,883527974912.0
ABBV,USA,AbbVie Inc.,Healthcare,Drug Manufacturers - General,USD,464433774592.0
KO,USA,The Coca-Cola Company,Consumer Defensive,Beverages - Non-Alcoholic,USD,368513318912.0
COP,USA,ConocoPhillips,Energy,Oil & Gas E&P,USD,152269520896.0
NEM,USA,Newmont Corporation,Basic Materials,Gold,USD,121764675584.0
EQIX,USA,"Equinix, Inc.",Real Estate,REIT - Specialty,USD,101209522176.0
CEG,USA,Constellation Energy Corporation,Utilities,Utilities - Independent Power Producers,USD,91230609408.0
AVGO,USA,Broadcom Inc.,Technology,Semiconductors,USD,1695307005952.0
NFLX,USA,"Netflix, Inc.",Communication Services,Entertainment,USD,279233789952.0
MCD,USA,McDonald's Corporation,Consumer Cyclical,Restaurants,USD,164095000576.0
GEV,USA,GE Vernova Inc.,Industrials,Specialty Industrial Machinery,USD,263324024832.0
V,USA,Visa Inc.,Financial Services,Credit Services,USD,677086953472.0
MRK,USA,"Merck & Co., Inc.",Healthcare,Drug Manufacturers - General,USD,356012851200.0
PG,USA,The Procter & Gamble Company,Consumer Defensive,Household & Personal Products,USD,336833609728.0
MPC,USA,Marathon Petroleum Corporation,Energy,Oil & Gas Refining & Marketing,USD,123293597696.0
FCX,USA,Freeport-McMoRan Inc.,Basic Materials,Copper,USD,103450705920.0
SPG,USA,"Simon Property Group, Inc.",Real Estate,REIT - Retail,USD,76285337600.0
DUK,USA,Duke Energy Corporation,Utilities,Utilities - Regulated Electric,USD,88987410432.0
MU,USA,"Micron Technology, Inc.",Technology,Semiconductors,USD,1213973397504.0
VZ,USA,Verizon Communications Inc.,Communication Services,Telecom Services,USD,190787272704.0
TJX,USA,"The TJX Companies, Inc.",Consumer Cyclical,Apparel Retail,USD,146572165120.0
RTX,USA,RTX Corporation,Industrials,Aerospace & Defense,USD,248903958528.0
MA,USA,Mastercard Incorporated,Financial Services,Credit Services,USD,483785244672.0
UNH,USA,UnitedHealth Group Incorporated,Healthcare,Healthcare Plans,USD,333815513088.0
PM,USA,Philip Morris International Inc.,Consumer Defensive,Tobacco,USD,292177674240.0
VLO,USA,Valero Energy Corporation,Energy,Oil & Gas Refining & Marketing,USD,116984922112.0
SHW,USA,The Sherwin-Williams Company,Basic Materials,Specialty Chemicals,USD,77563658240.0
AMT,USA,American Tower Corporation,Real Estate,REIT - Specialty,USD,75578720256.0
AEP,USA,"American Electric Power Company, Inc.",Utilities,Utilities - Regulated Electric,USD,65093595136.0
AMD,USA,"Advanced Micro Devices, Inc.",Technology,Semiconductors,USD,1034842210304.0
DIS,USA,The Walt Disney Company,Communication Services,Entertainment,USD,176450125824.0
BKNG,USA,Booking Holdings Inc.,Consumer Cyclical,Travel Services,USD,123221180416.0
DE,USA,Deere & Company,Industrials,Farm & Heavy Construction Machinery,USD,185232654336.0
BAC,USA,Bank of America Corporation,Financial Services,Banks - Diversified,USD,375860232192.0
TMO,USA,Thermo Fisher Scientific Inc.,Healthcare,Diagnostics & Research,USD,242110529536.0
PEP,USA,"PepsiCo, Inc.",Consumer Defensive,Beverages - Non-Alcoholic,USD,171965743104.0
PSX,USA,Phillips 66,Energy,Oil & Gas Refining & Marketing,USD,105572950016.0
ECL,USA,Ecolab Inc.,Basic Materials,Specialty Chemicals,USD,76725944320.0
PSA,USA,Public Storage,Real Estate,REIT - Industrial,USD,53030547456.0
D,USA,"Dominion Energy, Inc.",Utilities,Utilities - Regulated Electric,USD,53923737600.0
INTC,USA,Intel Corporation,Technology,Semiconductors,USD,630790946816.0
TMUS,USA,"T-Mobile US, Inc.",Communication Services,Telecom Services,USD,175531982848.0
SBUX,USA,Starbucks Corporation,Consumer Cyclical,Restaurants,USD,107969396736.0
UNP,USA,Union Pacific Corporation,Industrials,Railroads,USD,165319327744.0
MS,USA,Morgan Stanley,Financial Services,Capital Markets,USD,298894458880.0
AMGN,USA,Amgen Inc.,Healthcare,Drug Manufacturers - General,USD,217896321024.0
MO,USA,"Altria Group, Inc.",Consumer Defensive,Tobacco,USD,112457244672.0
WMB,USA,"The Williams Companies, Inc.",Energy,Oil & Gas Midstream,USD,86282231808.0
APD,USA,"Air Products and Chemicals, Inc.",Basic Materials,Specialty Chemicals,USD,61810827264.0
O,USA,Realty Income Corporation,Real Estate,REIT - Retail,USD,51218784256.0
SRE,USA,Sempra,Utilities,Utilities - Diversified,USD,51252707328.0
PLTR,USA,Palantir Technologies Inc.,Technology,Software - Infrastructure,USD,453577277440.0
T,USA,AT&T Inc.,Communication Services,Telecom Services,USD,166512967680.0
LOW,USA,"Lowe's Companies, Inc.",Consumer Cyclical,Home Improvement Retail,USD,101438570496.0
BA,USA,The Boeing Company,Industrials,Aerospace & Defense,USD,152872239104.0
GS,USA,"The Goldman Sachs Group, Inc.",Financial Services,Capital Markets,USD,262799654912.0
GILD,USA,"Gilead Sciences, Inc.",Healthcare,Drug Manufacturers - General,USD,179471122432.0
MNST,USA,Monster Beverage Corporation,Consumer Defensive,Beverages - Non-Alcoholic,USD,84121681920.0
EPD,USA,Enterprise Products Partners L.P.,Energy,Oil & Gas Midstream,USD,78129889280.0
NUE,USA,Nucor Corporation,Basic Materials,Steel,USD,54538645504.0
VMRK,USA,Vivmark Residential,Real Estate,REIT - Residential,USD,46264254464.0
ETR,USA,Entergy Corporation,Utilities,Utilities - Regulated Electric,USD,48212525056.0
CSCO,USA,"Cisco Systems, Inc.",Technology,Communication Equipment,USD,442358235136.0
APP,USA,AppLovin Corporation,Communication Services,Advertising Agencies,USD,89759965184.0
ABNB,USA,"Airbnb, Inc.",Consumer Cyclical,Travel Services,USD,97260748800.0
PH,USA,Parker-Hannifin Corporation,Industrials,Specialty Industrial Machinery,USD,122650632192.0
WFC,USA,Wells Fargo & Company,Financial Services,Banks - Diversified,USD,243280723968.0
ABT,USA,Abbott Laboratories,Healthcare,Medical Devices,USD,169826779136.0
MDLZ,USA,"Mondelez International, Inc.",Consumer Defensive,Confectioners,USD,74695581696.0
EOG,USA,"EOG Resources, Inc.",Energy,Oil & Gas E&P,USD,75303026688.0
AU,USA,AngloGold Ashanti plc,Basic Materials,Gold,USD,48007614464.0
VTR,USA,"Ventas, Inc.",Real Estate,REIT - Healthcare Facilities,USD,43092627456.0
VST,USA,Vistra Corp.,Utilities,Utilities - Independent Power Producers,USD,46995640320.0
LRCX,USA,Lam Research Corporation,Technology,Semiconductor Equipment & Materials,USD,434857443328.0
GFI.JO,ZAF,Gold Fields Limited,Basic Materials,Gold,ZAc,535954423808.0
NPN.JO,ZAF,Naspers Limited,Consumer Cyclical,Internet Retail,ZAc,519062159360.0
FSR.JO,ZAF,FirstRand Limited,Financial Services,Banks - Diversified,ZAc,500642578432.0
MTN.JO,ZAF,MTN Group Limited,Communication Services,Telecom Services,ZAc,336823386112.0
BID.JO,ZAF,Bid Corporation Limited,Consumer Defensive,Food Distribution,ZAc,145152278528.0
BVT.JO,ZAF,The Bidvest Group Limited,Industrials,Conglomerates,ZAc,75791564800.0
APN.JO,ZAF,Aspen Pharmacare Holdings Limited,Healthcare,Drug Manufacturers - Specialty & Generic,ZAc,68838834176.0
GRT.JO,ZAF,Growthpoint Properties Limited,Real Estate,REIT - Diversified,ZAc,52623568896.0
EXX.JO,ZAF,Exxaro Resources Limited,Energy,Thermal Coal,ZAc,40291397632.0
DTC.JO,ZAF,Datatec Limited,Technology,Information Technology Services,ZAc,20454907904.0
VAL.JO,ZAF,Valterra Platinum Limited,Basic Materials,Other Precious Metals & Mining,ZAc,344700289024.0
SHP.JO,ZAF,Shoprite Holdings Ltd,Consumer Cyclical,Department Stores,ZAc,169173647360.0
CPI.JO,ZAF,Capitec Limited,Financial Services,Banks - Regional,ZAc,488870969344.0
VOD.JO,ZAF,Vodacom Group Limited,Communication Services,Telecom Services,ZAc,292990451712.0
TBS.JO,ZAF,Tiger Brands Limited,Consumer Defensive,Packaged Foods,ZAc,35841388544.0
OMN.JO,ZAF,Omnia Holdings Limited,Industrials,Conglomerates,ZAc,19234965504.0
CLS.JO,ZAF,Clicks Group Limited,Healthcare,Pharmaceutical Retailers,ZAc,48942661632.0
RDF.JO,ZAF,Redefine Properties Limited,Real Estate,REIT - Diversified,ZAc,41658515456.0
TGA.JO,ZAF,Thungela Resources Limited,Energy,Thermal Coal,ZAc,15995142144.0
AEL.JO,ZAF,Altron Limited,Technology,Information Technology Services,ZAc,10374189056.0
HAR.JO,ZAF,Harmony Gold Mining Company Limited,Basic Materials,Gold,ZAc,179863273472.0
PPH.JO,ZAF,Pepkor Holdings Limited,Consumer Cyclical,Department Stores,ZAc,65383165952.0
SBK.JO,ZAF,Standard Bank Group Limited,Financial Services,Banks - Regional,ZAc,476317351936.0
TKG.JO,ZAF,Telkom SA SOC Ltd,Communication Services,Telecom Services,ZAc,24815618048.0
PMR.JO,ZAF,Premier Group Limited,Consumer Defensive,Packaged Foods,ZAc,28489517056.0
GND.JO,ZAF,Grindrod Limited,Industrials,Integrated Freight & Logistics,ZAc,18005037056.0
DCP.JO,ZAF,Dis-Chem Pharmacies Limited,Healthcare,Pharmaceutical Retailers,ZAc,22943739904.0
FTA.JO,ZAF,Fairvest Limited,Real Estate,REIT - Retail,ZAc,40907796480.0
SLG.JO,ZAF,Salungano Group Limited,Energy,Thermal Coal,ZAc,377576160.0
LSK.JO,ZAF,"Lesaka Technologies, Inc.",Technology,Software - Infrastructure,ZAc,6051457024.0
IMP.JO,ZAF,Impala Platinum Holdings Limited,Basic Materials,Other Precious Metals & Mining,ZAc,177898061824.0
MRP.JO,ZAF,Mr Price Group Limited,Consumer Cyclical,Apparel Retail,ZAc,42298568704.0
ABG.JO,ZAF,Absa Group Limited,Financial Services,Banks - Regional,ZAc,175133884416.0
CCD.JO,ZAF,Cell C Holdings Limited,Communication Services,Telecom Services,ZAc,7989999616.0
ADH.JO,ZAF,ADvTECH Limited,Consumer Defensive,Education & Training Services,ZAc,27826245632.0
HCI.JO,ZAF,Hosken Consolidated Investments Limited,Industrials,Conglomerates,ZAc,11490408448.0
NTC.JO,ZAF,Netcare Limited,Healthcare,Medical Care Facilities,ZAc,19853195264.0
FFB.JO,ZAF,Fortress Real Estate Investments Limited,Real Estate,Real Estate Services,ZAc,31974563840.0
IOC.JO,ZAF,iOCO Limited,Technology,Information Technology Services,ZAc,2483116288.0
SOL.JO,ZAF,Sasol Limited,Basic Materials,Specialty Chemicals,ZAc,148239974400.0
BOX.JO,ZAF,Boxer Retail Limited,Consumer Cyclical,Department Stores,ZAc,36358107136.0
DSY.JO,ZAF,Discovery Limited,Financial Services,Insurance - Life,ZAc,175036366848.0
BLU.JO,ZAF,Blu Label Unlimited Group Limited,Communication Services,Telecom Services,ZAc,6400904192.0
AVI.JO,ZAF,AVI Limited,Consumer Defensive,Packaged Foods,ZAc,27188537344.0
RLO.JO,ZAF,Reunert Limited,Industrials,Electrical Equipment & Parts,ZAc,8987978752.0
LHC.JO,ZAF,Life Healthcare Group Holdings Limited,Healthcare,Medical Care Facilities,ZAc,16800281600.0
HYP.JO,ZAF,Hyprop Investments Limited,Real Estate,REIT - Retail,ZAc,25687040000.0
AXX.JO,ZAF,Araxi Limited,Technology,Software - Infrastructure,ZAc,1630947072.0
SSW.JO,ZAF,Sibanye Stillwater Limited,Basic Materials,Other Precious Metals & Mining,ZAc,120185880576.0
WHL.JO,ZAF,Woolworths Holdings Limited,Consumer Cyclical,Department Stores,ZAc,32335265792.0
SLM.JO,ZAF,Sanlam Limited,Financial Services,Insurance - Life,ZAc,162457468928.0
CAT.JO,ZAF,Caxton and CTP Publishers and Printers Limited,Communication Services,Publishing,ZAc,4072484096.0
SDO.JO,ZAF,Stadio Holdings Limited,Consumer Defensive,Education & Training Services,ZAc,13457582080.0
WBO.JO,ZAF,Wilson Bayly Holmes-Ovcon Limited,Industrials,Engineering & Construction,ZAc,7463775232.0
ACT.JO,ZAF,AfroCentric Investment Corporation Limited,Healthcare,Medical Care Facilities,ZAc,614125120.0
RES.JO,ZAF,Resilient REIT Limited,Real Estate,REIT - Retail,ZAc,25509646336.0
MST.JO,ZAF,Mustek Limited,Technology,Computer Hardware,ZAc,856907264.0
NPH.JO,ZAF,Northam Platinum Holdings Limited,Basic Materials,Other Precious Metals & Mining,ZAc,101903794176.0
MTH.JO,ZAF,Motus Holdings Limited,Consumer Cyclical,Auto & Truck Dealerships,ZAc,17362171904.0
NED.JO,ZAF,Nedbank Group Limited,Financial Services,Banks - Regional,ZAc,129212710912.0
YYLBEE.JO,ZAF,YeboYethu (RF) Limited,Communication Services,Telecom Services,ZAc,3174957824.0
SPP.JO,ZAF,The SPAR Group Ltd,Consumer Defensive,Food Distribution,ZAc,8899218432.0
RBX.JO,ZAF,Raubex Group Limited,Industrials,Engineering & Construction,ZAc,7343118848.0
CCC.JO,ZAF,Cilo Cybin Holdings Limited,Healthcare,Drug Manufacturers - Specialty & Generic,ZAc,429252288.0
FTB.JO,ZAF,Fairvest Limited,Real Estate,REIT - Retail,ZAc,14570767360.0
NTU.JO,ZAF,Nutun Limited,Technology,Information Technology Services,ZAc,702585920.0
KIO.JO,ZAF,Kumba Iron Ore Limited,Basic Materials,Steel,ZAc,71347331072.0
TRU.JO,ZAF,Truworths International Limited,Consumer Cyclical,Apparel Retail,ZAc,15475751936.0
OUT.JO,ZAF,OUTsurance Group Limited,Financial Services,Insurance - Diversified,ZAc,123107131392.0
EMH.JO,ZAF,eMedia Holdings Limited,Communication Services,Entertainment,ZAc,1278870272.0
OCE.JO,ZAF,Oceana Group Limited,Consumer Defensive,Packaged Foods,ZAc,7603723776.0
KAP.JO,ZAF,KAP Limited,Industrials,Conglomerates,ZAc,7071634432.0
NTCP.JO,ZAF,Netcare Limited,Healthcare,Medical Care Facilities,ZAc,
PBT.JO,ZAF,PBT Holdings Limited,Technology,Information Technology Services,ZAc,682213184.0
PAN.JO,ZAF,Pan African Resources PLC,Basic Materials,Gold,ZAc,57007812608.0
TFG.JO,ZAF,The Foschini Group Limited,Consumer Cyclical,Department Stores,ZAc,15414971392.0
REM.JO,ZAF,Remgro Limited,Financial Services,Asset Management,ZAc,111974244352.0
EMN.JO,ZAF,eMedia Holdings Limited,Communication Services,Entertainment,ZAc,1055067968.0
ARL.JO,ZAF,Astral Foods Limited,Consumer Defensive,Farm Products,ZAc,7073177088.0
CAA.JO,ZAF,CA Sales Holdings Limited,Industrials,Specialty Business Services,ZAc,6587905024.0
NWL.JO,ZAF,Nu-World Holdings Limited,Technology,Consumer Electronics,ZAc,588738496.0
PIK.JO,ZAF,Pick n Pay Stores Limited,Consumer Cyclical,Department Stores,ZAc,14166253568.0
INP.JO,ZAF,Investec Group,Financial Services,Capital Markets,ZAc,82976604160.0
AME.JO,ZAF,African Media Entertainment Limited,Communication Services,Broadcasting,ZAc,365363040.0
RCL.JO,ZAF,RCL Foods Limited,Consumer Defensive,Packaged Foods,ZAc,6030451200.0
SPG.JO,ZAF,Super Group Limited,Industrials,Integrated Freight & Logistics,ZAc,5685831168.0
ISA.JO,ZAF,ISA Holdings Limited,Technology,Software - Infrastructure,ZAc,396230816.0
SSU.JO,ZAF,Southern Sun Limited,Consumer Cyclical,Lodging,ZAc,13361980416.0
OMU.JO,ZAF,Old Mutual Limited,Financial Services,Financial Conglomerates,ZAc,52924489728.0
RBO.JO,ZAF,Rainbow Chicken Limited,Consumer Defensive,Packaged Foods,ZAc,5841755136.0
HDC.JO,ZAF,Hudaco Industries Limited,Industrials,Industrial Distribution,ZAc,4841768960.0
4SI.JO,ZAF,4Sight Holdings Limited,Technology,Information Technology Services,ZAc,368188576.0
WBC.JO,ZAF,We Buy Cars Holdings Limited,Consumer Cyclical,Auto & Truck Dealerships,ZAc,10911003648.0
MTM.JO,ZAF,Momentum Group Limited,Financial Services,Insurance - Diversified,ZAc,47843020800.0
FBR.JO,ZAF,Famous Brands Limited,Consumer Defensive,Food Distribution,ZAc,5078593024.0
BEL.JO,ZAF,Bell Equipment Limited,Industrials,Farm & Heavy Construction Machinery,ZAc,3728289024.0
SEB.JO,ZAF,Sebata Holdings Limited,Technology,Software - Application,ZAc,241321680.0
SUI.JO,ZAF,Sun International Limited,Consumer Cyclical,Resorts & Casinos,ZAc,10567684096.0
N91.JO,ZAF,Ninety One Group,Financial Services,Asset Management,ZAc,43571920896.0
SHG.JO,ZAF,Sea Harvest Group Limited,Consumer Defensive,Farm Products,ZAc,2834838528.0
